vmax	KI_ppgpp	KM_rrn
4.96867944073153	1.33058177000811	20.0247086599683
4.96826066983729	1.33018800909162	20.0250389261629
4.96451596609033	1.32666866449384	20.0279927655827
4.96409903468921	1.32627679096452	20.0283216976526
4.96368158002074	1.32588441005611	20.0286510844435
4.96326030554604	1.32548838557441	20.0289842513134
4.96333265222948	1.325559890195	20.0289188345426
4.96347932092398	1.32570507668094	20.0287819723761
4.96358056229902	1.32580522694235	20.02868877762
4.96375295007263	1.32597591061148	20.0285271927952
4.96393155107024	1.32615275344223	20.0283596366144
4.96417577769518	1.32639465512367	20.0281290021952
4.96447197537909	1.32668807718439	20.027848419501
4.96475556747294	1.32696900374917	20.0275799497075
4.96499997853032	1.32721108868456	20.0273491336051
4.96530950215193	1.32751772220968	20.0270557387717
4.96569281774762	1.32789750647275	20.0267150262731
4.96608179154104	1.32828290020514	20.0263743140169
4.96651176625589	1.32868704828234	20.0260323587631
4.96694098268077	1.32909048296044	20.0256911762063
4.96737224591449	1.32949593017108	20.0253481827878
4.96780397958298	1.3299018259916	20.0250047163316
4.96823548498326	1.33030741098033	20.024661147902
4.96866584933944	1.33071184174077	20.0243184727248
4.96909497228334	1.33111502425277	20.0239767921672
4.96951386951408	1.33151807781524	20.0236352277539
4.96991816635126	1.33191866206516	20.0232937502174
4.97034772427346	1.33232223540763	20.0229515482452
4.97077764123565	1.33272614048498	20.0226089457911
4.97120867809349	1.33313113980735	20.0222653213742
4.97164084146173	1.33353724805178	20.0219206959232
4.9720737369755	1.33394412304574	20.0215755789317
4.97250748168074	1.33435182689062	20.0212296756206
4.97294097826628	1.33475925970159	20.0208838956152
4.97685316698233	1.33843617684945	20.0177602603924
4.97728532483715	1.33884220727056	20.0174153010096
4.97771613874924	1.33924689094314	20.0170714427173
4.97814541615563	1.33965007191844	20.0167289647892
4.97857234120101	1.34005314624196	20.0163865732507
4.97900262483168	1.34045730382978	20.0160431501307
4.97943195296857	1.34086052569951	20.0157005773144
4.97986154107986	1.34126402426516	20.0153578435269
4.98029138629503	1.34166778163889	20.0150149009643
4.98072202938131	1.34207231649708	20.0146712178599
4.98115410378295	1.34247823249346	20.0143261706664
4.98158712053107	1.34288509972277	20.0139803676417
4.98202059820228	1.34329239201594	20.0136341003705
4.98245270077065	1.34369838431827	20.0132891794767
4.98288534435435	1.3441048768775	20.0129436634535
4.98331486484305	1.34450820248475	20.0126006120806
4.98374510359342	1.34491218817139	20.0122567413763
4.98417504352121	1.34531588539675	20.0119131477091
4.98460584818499	1.34572039400442	20.0115686591142
4.98503798243839	1.34612618952948	20.0112229112192
4.98546996070335	1.34653182785985	20.0108772851136
4.98590206211095	1.34693757908697	20.0105315156187
4.98633481439547	1.34734394887098	20.0101850879701
4.98676784372199	1.34775058319837	20.0098383850837
4.9872000971137	1.34815647960377	20.0094924431325
4.98763319232785	1.34856316296571	20.0091456143766
4.98806654098934	1.34897008294619	20.0087985124883
4.98850028816689	1.34937737653613	20.0084509961069
4.98893370922766	1.349784364786	20.0081038058005
4.9893667565315	1.35019099141321	20.0077569626858
4.98980082950571	1.35059866685147	20.0074093629393
4.9915387805786	1.35223083579466	20.0060167543476
4.99327652765918	1.35386277191178	20.0046241092334
4.99588431463843	1.35631172486518	20.0025335598156
4.9963177877157	1.35671876739676	20.0021862144533
4.9967510536995	1.35712556157275	20.0018388973999
4.99718397550985	1.35753203179742	20.0014919287199
4.99761652397473	1.35793809464141	20.0011451552646
4.99805003594847	1.35834510927743	20.0007975307911
4.99848377036378	1.3587523604901	20.0004497584303
4.99935238228946	1.35956791377953	19.999752938217
4.99978636058337	1.35997537013379	19.9994048133429
5.00021843650412	1.36038087153705	19.9990581016054
5.0006491110322	1.36078498118274	19.9987125774437
5.00107901549916	1.36118835587887	19.9983678005843
5.00150853453649	1.36159136159598	19.998023395651
5.00191811487676	1.36199396772529	19.9976793886089
5.00227996801479	1.36235249143269	19.9973357716655
5.00252534773535	1.36259554484094	19.9971038187964
5.00281304477437	1.3628805526099	19.9968311552097
5.00324048666404	1.36328334924226	19.9964872658176
5.00367005124817	1.36368651745489	19.9961431594857
5.00410038934266	1.36409044980857	19.995798372131
5.00453178982216	1.36449540602214	19.9954525806784
5.00496341561315	1.36490056562474	19.9951065138117
5.00539507424277	1.36530574938384	19.9947603840244
5.00582748376864	1.36571162911838	19.9944134490142
5.00625976875016	1.36611738449746	19.9940666188175
5.00668995321517	1.36652104298023	19.9937215281167
5.00712002488814	1.3669245589761	19.9933764333977
5.00751508026281	1.36731600091405	19.993032230255
5.0078631579501	1.36766087041486	19.9927014467912
5.00812895448144	1.36792416693387	19.9924498184643
5.00836587704361	1.3681588375665	19.9922259683946
5.00879555792619	1.36856197261396	19.9918812020682
5.00921819990071	1.36896469491147	19.9915368630668
5.00964901449109	1.36936900609778	19.9911912712909
5.01007923479792	1.36977275564567	19.9908462761862
5.01048778533924	1.37017546309405	19.9905023926288
5.0108126606183	1.37049733309057	19.9901939131259
5.01111193643172	1.37079382424283	19.9899100589909
5.01137134974424	1.37105079540471	19.9896645559716
5.01159657117534	1.37127386684253	19.9894519519217
5.01168674907372	1.37136304914855	19.9893692995263
5.01176781704629	1.37144319866308	19.9892954145185
5.01186295922743	1.37153730240366	19.9892079843091
5.01199245150568	1.37166546285361	19.9890874961901
5.01206089443954	1.37173309487865	19.9890257622022
5.01211877959855	1.37179025956661	19.9889741860181
5.01216961640594	1.37184043622844	19.9889293941987
5.01237736260451	1.3720461834948	19.9887335932708
5.01277618441715	1.37244136495121	19.988389680285
5.01320559573744	1.37284430180649	19.9880451832893
5.01363534957731	1.37324755192669	19.9877002442182
5.01385866157795	1.37346873430836	19.9874894412829
5.01386240501699	1.37347221755712	19.9874899747264
5.01381252296084	1.37342252941605	19.9875421340328
5.01382931767682	1.37343895322692	19.9875301033661
5.01390663440082	1.37351538498289	19.9874598136578
5.01398292068817	1.37359079535878	19.9873905164092
5.01403928338192	1.37364645145017	19.9873403966903
5.0141225280811	1.37372876100902	19.9872644008715
5.01420613043262	1.37381142497755	19.9871880619036
5.01452584320265	1.37412818184685	19.9868844951591
5.01483813535425	1.37443758217697	19.9865880643995
5.0151421835796	1.3747388087332	19.9862995692207
5.01545899993441	1.37505269490023	19.9859987804255
5.01576683178006	1.37535767366127	19.9857066340144
5.01619580148374	1.37576012154509	19.9853622563108
5.01662584234741	1.37616358927145	19.9850168197206
5.01704661561986	1.37656557788743	19.9846726898612
5.01727363678401	1.37679043845757	19.984458301695
5.01734748590751	1.37686343269808	19.9843913445026
5.01730756623197	1.37682362263611	19.9844339156482
5.01722329887506	1.3767398401408	19.984519186027
5.01710235082823	1.3766196859208	19.9846397764987
5.01693539553236	1.37645391177256	19.9848046700424
5.01684259835535	1.37636167073673	19.9848981536505
5.01666802040526	1.37618833790311	19.9850703872223
5.01661889250207	1.37613939733589	19.9851218235074
5.01651939443479	1.37604051236342	19.9852217580837
5.01648217202078	1.37600337718136	19.985261731277
5.01641237266581	1.37593394022103	19.9853330700135
5.0162945777979	1.37581691281566	19.985450622044
5.01609368967423	1.37561749190929	19.9856481889454
5.01606948263488	1.37559326167329	19.9856756313845
5.01603505834633	1.37555890050589	19.9857129106875
5.01606069636871	1.37558409329437	19.9856923675631
5.01608533870718	1.37560829964379	19.9856727813137
5.0161784060806	1.37570034988597	19.9855873275971
5.01604918027282	1.37557198861809	19.9857158849328
5.01592316878551	1.37544681452978	19.9858413469296
5.01555451446526	1.37508103313643	19.9861791786656
5.0151807346905	1.37471016923293	19.9865169689088
5.01475941094208	1.37431503728743	19.9868542885361
5.01448963005083	1.37404730315532	19.9871181932808
5.01448983484219	1.37404727890635	19.9871221336712
5.01462078311222	1.37417688713701	19.9870002245462
5.01477171576686	1.37432630943765	19.986859080122
5.01467046194574	1.37422568443095	19.9869607006509
5.01460195239666	1.37415752662049	19.9870307953504
5.01448847244879	1.37404477813901	19.9871441882045
5.01436349630512	1.37392063052455	19.9872686498408
5.01437299431032	1.37392981976968	19.9872636451825
5.01435799144755	1.37391471642059	19.9872822267021
5.01446679068029	1.37402236378181	19.9871816371709
5.01460785464478	1.37416200125493	19.9870499935517
5.01471879515562	1.37427177172223	19.9869473434083
5.01486232656744	1.37441385552481	19.9868133247485
5.01495209642338	1.37450263583039	19.9867310509092
5.0150590728603	1.37460847617582	19.9866322156625
5.01519478401066	1.37474280644822	19.9865057224864
5.01524298921198	1.37479037558742	19.9864634569505
5.01540480467704	1.37495058743228	19.9863118392908
5.01539221146684	1.37493787411037	19.9863281011875
5.01539857974805	1.37494396125554	19.9863261095397
5.01506239994871	1.37461038467	19.9866539672839
5.01468218719271	1.3742331430992	19.9869917992595
5.01435974959119	1.37391319388899	19.9873064164635
5.0140621252994	1.37361785041288	19.9875971329196
5.01396337615093	1.37351970935943	19.9876963402569
5.01405072827918	1.37360609182474	19.9876163957875
5.014265904555	1.3738192082686	19.9874134297592
5.01449467403662	1.37404580159296	19.9871973817621
5.01461997536229	1.37416981118265	19.9870809066139
5.01474120849018	1.37428978785712	19.9869683422072
5.01495698248661	1.37450349873277	19.9867647874286
5.0150527327817	1.37459820895908	19.9866767529537
5.01512126631243	1.3746659341058	19.9866149143197
5.01531358400738	1.37485638917588	19.9864339318156
5.01557956619837	1.37511987873829	19.9861820565801
5.0157767704959	1.37531517877195	19.9859963691992
5.01593136347311	1.37546823045975	19.985851692993
5.01605408674609	1.37558968432169	19.9857376911259
5.01607157802847	1.37560679966003	19.9857249879996
5.01610158708011	1.37563632614416	19.9857002339898
5.01611179941893	1.37564622366399	19.9856945383467
5.01609823218304	1.37563254247787	19.9857117365022
5.01605359654436	1.37558805580236	19.9857588466755
5.01611180066805	1.37564553728484	19.9857069505544
5.01620118210665	1.37573393126985	19.9856250417061
5.01644944468015	1.37597984986938	19.9853902179484
5.01655305928136	1.376082356045	19.9852946078507
5.01669277079944	1.37622065214498	19.9851642522119
5.01674474580342	1.37627195795495	19.9851183518825
5.01684884307853	1.37637494310674	19.9850222799034
5.01698633740288	1.37651104108553	19.984894060153
5.01710050950812	1.3766240165673	19.9847882826395
5.01731571570685	1.37683716511544	19.9845852599929
5.01748827123037	1.37700802747556	19.9844232843626
5.01767739042144	1.37719531245124	19.9842453656766
5.01784705914137	1.37736331247106	19.9840861680903
5.01805211096113	1.37756639396122	19.9838929129179
5.01819277707912	1.37770563843839	19.9837616297326
5.01833735832114	1.37784876461604	19.9836265774663
5.01837745972224	1.37788829850948	19.9835921034691
5.01832840446673	1.37783943022259	19.9836434696822
5.01828875397542	1.37779988738047	19.9836857803731
5.0182849553893	1.37779589332117	19.9836935719363
5.01845132753155	1.37796062507625	19.9835375448417
5.01848489533236	1.37799368104715	19.983509361125
5.01860548233337	1.37811301703082	19.9833974061209
5.01876629566608	1.3782722371901	19.9832467287418
5.01902067551697	1.37852422526627	19.9830059943545
5.01923204526974	1.37873357056797	19.9828066535998
5.01951139447102	1.37901031470568	19.9825418849777
5.01971289070315	1.37920987105286	19.9823520466693
5.01990383738494	1.37939896792968	19.9821723610765
5.01993842040764	1.37943302979953	19.9821431995637
5.01982964332766	1.37932494242814	19.9822520778521
5.01964673008759	1.37914334240533	19.9824323526996
5.01939165598039	1.37889018706058	19.982682128126
5.01917797263923	1.37867807594959	19.9828920350964
5.0191169406529	1.37861733160749	19.9829549354924
5.01906182885235	1.37856245709839	19.983012135508
5.01905660537999	1.3785570488165	19.9830213002264
5.01900809937722	1.37850872410896	19.9830721398284
5.01892452497353	1.37842562710402	19.9831567467418
5.01874192231688	1.37824433547606	19.9833367185086
5.01852880412609	1.37803278468652	19.9835460788177
5.01829856475009	1.37780425666593	19.9837719274639
5.01810553102144	1.37761262234817	19.9839619414724
5.01789823441653	1.37740684553303	19.9841656898176
5.01765475498173	1.37716518951358	19.9844042852718
5.01740806117702	1.37692034727397	19.984645972337
5.01726749362691	1.37678073895147	19.9847854554476
5.01726409393801	1.37677714021834	19.9847928635706
5.01735533342836	1.37686737783212	19.9847091623906
5.01733639220307	1.37684836915317	19.98473153368
5.01728115537575	1.37679337160818	19.984788851248
5.01734403634593	1.37685549097704	19.9847324530203
5.01740106681589	1.37691180998168	19.9846816837192
5.0174636081231	1.37697359315321	19.9846256095137
5.01759076270085	1.37709944070793	19.9845073371979
5.01782919058826	1.37733561256119	19.9842819649024
5.01808244833072	1.37758648744287	19.9840423191119
5.01816217724927	1.37766531236423	19.9839696983921
5.01826440430166	1.37776644434182	19.9838754201658
5.01826506641246	1.37776687266738	19.9838789185893
5.01814646908673	1.37764904877417	19.9839972486537
5.01784901016442	1.37735386486881	19.984287838296
5.01763378088865	1.37714022140633	19.9844992266659
5.01746654802355	1.37697417113455	19.9846643907752
5.0173374079492	1.37684589300906	19.9847928714331
5.01725828051907	1.37676720611975	19.9848731934453
5.01708952446943	1.37659964592451	19.985039822384
5.01705695579713	1.37656712438569	19.9850753150318
5.01709997822255	1.37660955387515	19.9850380324122
5.01709750759219	1.37660687623997	19.9850445472019
5.01716351104029	1.37667209189585	19.9849851411568
5.01718503387973	1.37669320467763	19.9849685562765
5.01730689614745	1.37681380479747	19.9848553798852
5.01748920513878	1.37699433679832	19.9846840221318
5.0176850367342	1.37718827553172	19.9844996511338
5.0178460833208	1.3773477265338	19.9843487569436
5.01808603955386	1.37758541342979	19.9841219139999
5.0183371658427	1.377834174731	19.9838843193774
5.01865686247719	1.37815091927678	19.9835807332087
5.01907852542487	1.37855286304051	19.983236721687
5.01950758510552	1.37895535922299	19.9828920884486
5.01972475462154	1.3791704527768	19.9826871664135
5.01979818568294	1.37924303176727	19.9826206060629
5.01984312574079	1.37928736118916	19.9825814782293
5.01998591241182	1.37942870613283	19.982448152085
5.02011006005022	1.37955157056443	19.9823327674191
5.02025089146957	1.37969097694456	19.9822013227097
5.02039877657202	1.37983737679249	19.982063086784
5.02049472500909	1.37993228205818	19.9819748478747
5.0206426869233	1.38007875845042	19.9818365381928
5.02094306209548	1.38037634668901	19.9815515299919
5.02112156728629	1.38055310650997	19.9813838182002
5.02146016017336	1.38088858531319	19.9810620270498
5.02178982570157	1.38121521306079	19.980748825153
5.02213415278951	1.3815563772589	19.9804215116432
5.02256277898884	1.38195838983882	19.9800770116834
5.02293198100561	1.38232421572646	19.9797329600899
5.02330043696805	1.38268930261058	19.9793890220363
5.02372916020253	1.38309140969961	19.9790444455147
5.02413752784789	1.38349318519239	19.978700155988
5.02431637093378	1.38367027986914	19.9785321119108
5.02443539056338	1.38378806097685	19.9784216537022
5.02454594629555	1.38389744990792	19.9783193439743
5.02451253376514	1.38386409032889	19.9783556560205
5.02448558205319	1.38383713702883	19.9783857478271
5.02443626273894	1.38378800535762	19.9784373774895
5.02416620712807	1.38351999218313	19.9787016101283
5.0238501735347	1.38320638585265	19.9790101326614
5.02352764840046	1.38288634224615	19.9793249071092
5.02321654099304	1.38257762124733	19.9796286796346
5.02293581866144	1.38229903134624	19.9799031796602
5.02269693775276	1.38206193285442	19.9801373730783
5.02236286439167	1.38173043826827	19.9804632638116
5.02208640539776	1.38145607674841	19.9807336508873
5.0217342823171	1.38110668368086	19.9810720833808
5.02149084159634	1.38086506450635	19.9813106614304
5.02140375493709	1.38077848483875	19.9813986555845
5.02142384598931	1.38079817659528	19.9813834492464
5.02145272012094	1.3808265775829	19.9813597866037
5.02148388704695	1.38085725233571	19.9813339163821
5.02156706472985	1.38093949683761	19.9812579731236
5.02165361701391	1.38102508724062	19.9811787811588
5.0217863629885	1.38115647840245	19.9810551195353
5.02184308254874	1.38121248935986	19.9810046479615
5.02171943485681	1.38108965794689	19.9811278497354
5.02162536038987	1.38099615063824	19.9812225728368
5.02152207561006	1.38089351062004	19.9813261645165
5.0214046578922	1.38077685673329	19.9814433659706
5.02116881729001	1.38054277456366	19.9816746207157
5.02085330378533	1.38022968635569	19.9819826188694
5.02068588208143	1.38006344808118	19.9821479762384
5.02051571236397	1.37989448542162	19.9823159786769
5.02033767924566	1.37971772594288	19.982491552724
5.02015142004272	1.37953280932719	19.9826750489287
5.02004663344512	1.37942868016521	19.9827800836808
5.0199187027736	1.37930160208951	19.9829074052194
5.01993142088602	1.37931398408019	19.9828992989279
5.01992713335902	1.3793095047255	19.9829075654044
5.01987379703964	1.37925639144078	19.982963057853
5.01990169441265	1.37928382425092	19.9829403377285
5.0199369291506	1.37931853220272	19.9829105539267
5.01990374015319	1.37928539621202	19.9829466474785
5.01992402805077	1.3793052844723	19.982931253235
5.0200254008322	1.37940556883086	19.9828377988898
5.02020805161284	1.37958643912028	19.9826661073416
5.02046389577475	1.37983987717139	19.9824239690924
5.02052092309371	1.37989619326394	19.9823732042212
5.02055936049518	1.37993407645745	19.9823403366471
5.02051652077885	1.37989137027689	19.9823857235961
5.02045941959806	1.37983452282311	19.982444842947
5.02039095433026	1.37976640706061	19.9825149049302
5.02035452675419	1.37973005821171	19.9825541180619
5.02042938672828	1.37980405342746	19.9824861855044
5.02065936420336	1.38003184515381	19.9822689402329
5.02100522987322	1.38037453311797	19.9819401648387
5.02135846156015	1.38072452372427	19.9816043002658
5.02171670076107	1.38107947910051	19.9812636134276
5.02207189157008	1.38143141253678	19.9809258563898
5.02250075035244	1.3818336631712	19.9805812348913
5.0229303759861	1.38223663306572	19.9802358364441
5.02327864135845	1.38258170076218	19.9799047353969
5.02352480894718	1.38282554718197	19.9796718829
5.0236377283473	1.38293727969617	19.9795672973854
5.02365247915346	1.38295167566624	19.9795572305802
5.0235652916737	1.38286499443114	19.979645326764
5.02355285425972	1.38285243219058	19.9796614398612
5.0235864954105	1.38288555920828	19.9796331840092
5.02386424027538	1.38316071272748	19.9793699344837
5.02423351084668	1.38352660852616	19.9790260487025
5.02449730493343	1.38378793135426	19.9787762250854
5.02475557877429	1.38404378133061	19.9785317125993
5.02500273986668	1.38428861313483	19.9782978977337
5.02528777469109	1.3845709953605	19.9780276232949
5.02545291565095	1.38473450623649	19.9778727589482
5.02536260198309	1.38464472471182	19.977963869734
5.02525834593616	1.3845411182119	19.978068408152
5.02513238604222	1.38441599057008	19.97819384964
5.02502781514935	1.38431207216166	19.9782986904366
5.02507000187923	1.38435367212494	19.9782622052347
5.02494863788143	1.38423310201743	19.9783832194214
5.02490149779364	1.38418613064452	19.978432751272
5.0248754014196	1.38416002487663	19.978462018086
5.02476189378555	1.38404724494705	19.9785754654334
5.02470104819155	1.38398668330305	19.9786381955619
5.02472606415452	1.38401125757336	19.9786182443848
5.02494525539291	1.3842283569539	19.9784113501556
5.02523168908573	1.38451212466703	19.9781397310422
5.02552103097045	1.38479877556436	19.9778653101939
5.02561374307802	1.38489047238201	19.9777801768683
5.02577571620829	1.38505084178477	19.9776283620297
5.02595296117345	1.38522635350188	19.9774618444258
5.02614283006964	1.38541438117231	19.9772831738743
5.0263602700128	1.385629745366	19.9770779608297
5.02664151371039	1.38590836864554	19.9768113302878
5.02684555568249	1.38611044913429	19.9766190128258
5.0271170091679	1.38637936592524	19.9763618022288
5.02723469969543	1.38649582964284	19.976252616692
5.02731058399513	1.38657084168426	19.9761836834187
5.02726407554587	1.38652449618316	19.9762326108276
5.02724085641264	1.3865012429222	19.9762591087833
5.02717762932431	1.38643831916178	19.9763241366358
5.02700331357861	1.38626524160606	19.9764961602022
5.02695519584773	1.38621729992364	19.9765466363298
5.02684956856338	1.38611233351	19.9766524991027
5.02679287716738	1.38605589094305	19.9767112315085
5.0267443471023	1.3860075408479	19.9767621042856
5.02669939108412	1.38596273496621	19.976809534747
5.02662467301626	1.38588841811782	19.9768856276734
5.0265891753658	1.38585299117616	19.9769239490448
5.02657836706456	1.3858420454147	19.9769384945329
5.02663147071415	1.38589447102606	19.9768914975251
5.02651731621186	1.38578105103619	19.9770055702454
5.02639459099142	1.38565913211504	19.9771278973979
5.02622216740244	1.38548793214847	19.9772980934363
5.02604365621292	1.38531069679273	19.9774741505125
5.02583345876287	1.38510204047115	19.9776807293866
5.02557412647136	1.38484466021578	19.9779346401799
5.02527141108848	1.38454425974346	19.978230342631
5.02490996428537	1.38418561727127	19.9785683547407
5.02448897472348	1.38379092093213	19.9789059453421
5.02406831695803	1.3833965760067	19.9792433127286
5.02364776888847	1.38300232583441	19.9795805150999
5.02328935267805	1.3826466901043	19.9799187304566
5.02292578120809	1.38228594184439	19.9802567596585
5.02255600176513	1.38191903766403	19.9805947557159
5.02225350916879	1.38161885927475	19.9808902248472
5.02200677380336	1.38137397163354	19.9811319824488
5.02183591435252	1.38120432372135	19.9813006558759
5.021670219418	1.38103979707475	19.9814643544393
5.02163672497741	1.38100635763176	19.9815007408667
5.02175543989845	1.38112383813781	19.9813905799059
5.02196123495839	1.38132765711212	19.9811965934894
5.02214035449824	1.38150502769843	19.9810282859161
5.0223165242958	1.3816794741271	19.9808628141706
5.02235415657269	1.38171655878071	19.9808307152771
5.022267715185	1.381630617656	19.9809180901657
5.02216584081296	1.38152937361225	19.9810203272101
5.02192465424206	1.38128998787177	19.9812567405494
5.02180731925476	1.38117341391785	19.9813738655293
5.02184478313946	1.38121033179462	19.9813419291077
5.0221637776881	1.38152638233398	19.9810389887739
5.02242569122789	1.38178584065877	19.9807909843176
5.02268582205017	1.38204353129494	19.9805446946603
5.02281632553057	1.38217269876766	19.9804231831437
5.02270170892235	1.38205881965384	19.9805376930862
5.02245971903962	1.38181863715108	19.9807748829466
5.02229436014604	1.38165444285349	19.9809382613558
5.02210752078054	1.38146894848908	19.9811223280797
5.02215730581156	1.38151808274366	19.9810785284945
5.02234266301995	1.38170163716069	19.9809042125272
5.02255670222697	1.38191362975832	19.9807022874272
5.02289507720619	1.3822488949299	19.9803806910481
5.0232418523151	1.38259248841804	19.980051007337
5.02340799930827	1.38275699641482	19.9798951797823
5.0236062385009	1.38295332296166	19.9797084578701
5.02361189333457	1.38295870045335	19.9797071482016
5.0234986516383	1.38284618487348	19.9798203359679
5.02337857595443	1.38272689242204	19.9799401053314
5.02317242159375	1.38252224466292	19.9801427809672
5.02299142464476	1.38234254330531	19.9803212241991
5.02293275370964	1.38228413867382	19.9803818568929
5.02283671799867	1.3821886844238	19.9804784721709
5.02274340966302	1.38209593467124	19.9805724605563
5.02268243615125	1.38203524702733	19.9806353101423
5.02260047757808	1.38195375169411	19.9807183678123
5.02264165005142	1.38199434654808	19.9806828603085
5.02260259269456	1.38195539051167	19.9807246048983
5.02263126510473	1.38198359144158	19.9807011331566
5.02258175455423	1.3819342707586	19.9807529442829
5.02245752451388	1.3818108604769	19.9808767102585
5.02236547753283	1.38171936225843	19.9809694823604
5.0225057921017	1.38185825828969	19.9808385273945
5.02264063071483	1.38199172521218	19.9807128434498
5.0227410042821	1.38209102012685	19.9806203383623
5.02271417776489	1.38206419212276	19.9806503052947
5.02270202871485	1.38205191743787	19.9806661391418
5.02272176891742	1.3820712620085	19.9806512675097
5.02268944932734	1.38203898657399	19.9806865244081
5.02257521593651	1.38192548786214	19.9808006644672
5.0224419812032	1.38179314749143	19.9809331043064
5.022351853846	1.38170355143023	19.9810240290739
5.02224349182594	1.38159587450799	19.9811325142139
5.02218774397018	1.38154036826279	19.9811903311581
5.02219919879253	1.38155149669422	19.9811834378068
5.02225226274669	1.38160388187792	19.98113648164
5.02236497665721	1.38171541079554	19.9810320966325
5.02249040944129	1.38183955082719	19.9809154668095
5.02281793116485	1.38216405488713	19.9806043152499
5.02313287936279	1.3824760937963	19.9803052632335
5.02346516503461	1.38280532201784	19.9799895232894
5.02377727389348	1.38311454643533	19.9796931996353
5.0241151942896	1.38344936108653	19.9793720330364
5.0243239529254	1.38365611790667	19.9791751833811
5.02443571644252	1.38376670474006	19.9790717081039
5.02441070430653	1.38374167418386	19.9790999298015
5.02435297940001	1.383684206789	19.9791596539773
5.02426679665763	1.38359852155586	19.9792467840283
5.02424557033019	1.38357724473932	19.9792713602615
5.02429339944222	1.38362443930025	19.9792294420954
5.02448738949164	1.38381655300116	19.9790468074043
5.02468826103247	1.38401548926306	19.978857547265
5.02469207967766	1.38401904631084	19.9788580061656
5.0246357288171	1.38396294188893	19.9789164071393
5.02457202551425	1.38389954686524	19.9789818887605
5.02445818014627	1.38378643218614	19.9790956603743
5.0244017522943	1.38373025107194	19.9791541353988
5.02432434347287	1.38365326577889	19.9792328158059
5.02419512138915	1.38352490395037	19.9793613961059
5.02412267453056	1.38345283935517	19.9794352971409
5.02395751085834	1.38328883831435	19.979598493336
5.02388477963519	1.38321649205054	19.9796726676593
5.02378801515558	1.38312031503327	19.9797699869461
5.0237555819351	1.38308792652637	19.9798053544553
5.02361183782841	1.38294516560568	19.9799479184898
5.02363918947837	1.38297205674339	19.9799257185684
5.02361133243725	1.38294420617134	19.9799566789938
5.02358226417193	1.38291515458876	19.9799888060798
5.02353371072349	1.38286678229989	19.9800396964353
5.02350501023803	1.38283809564887	19.9800714689368
5.02354439422987	1.38287691743215	19.9800376835408
5.02362848969769	1.38296007159304	19.9799608491148
5.02371867196899	1.38304926079835	19.9798781539918
5.02380917163343	1.38313876502799	19.9797951533369
5.02394483124654	1.38327304584416	19.9796686752824
5.024037117887	1.38336432211475	19.9795839562409
5.024175013865	1.38350082044687	19.9794553245989
5.02418598302737	1.38351146781112	19.9794488983604
5.02404792220893	1.38337434205472	19.9795859904076
5.02382906438723	1.38315709740668	19.97980090477
5.02355437504849	1.38288448969208	19.9800695968876
5.0232930814135	1.382625164906	19.9803253855668
5.02318812642709	1.38252086637159	19.9804305915464
5.02312731143466	1.38246033591782	19.9804932892538
5.02319460257748	1.38252682789039	19.9804326345415
5.02322095508208	1.38255272831832	19.9804113965833
5.02310430158083	1.38243682978	19.9805278688198
5.02292711030821	1.38226090244336	19.9807026456749
5.02277208663957	1.38210695636888	19.9808560715663
5.02274105850795	1.38207596101823	19.9808900855686
5.0227678343053	1.38210228083991	19.9808684405065
5.02285284642301	1.38218634357601	19.9807907252083
5.02289594299925	1.38222884634125	19.9807533657913
5.02290336677241	1.38223597851549	19.9807503537319
5.022949907302	1.38228189616705	19.9807096782404
5.02290034624771	1.38223252536363	19.980761537875
5.02285683041635	1.38218914909164	19.9808075761069
5.02284232322643	1.38217453645388	19.9808256810324
5.02285494821204	1.38218682654134	19.9808176608451
5.02292959084708	1.38226060852267	19.9807499308336
5.02294262531489	1.38227330467891	19.980741516415
5.02299071130531	1.3823207555313	19.9806993533458
5.02310216208515	1.3824310333907	19.9805961844168
5.02319077225453	1.3825186639647	19.9805150066623
5.02342354233748	1.38274922720156	19.9802950501977
5.02360012225132	1.38292407954305	19.9801291812574
5.02369398009038	1.38301691297365	19.9800429482186
5.02374052120985	1.38306283063036	19.9800022717795
5.02363838806302	1.38296132989036	19.9801047614494
5.02350934668463	1.38283314736035	19.9802331658409
5.02346589600419	1.38278983395981	19.9802791432207
5.02346091022134	1.38278466034247	19.9802880811648
5.02345489890162	1.38277846989566	19.9802980065372
5.02357250038718	1.38289484416469	19.9801889146748
5.023652804672	1.38297423792795	19.9801157314895
5.02374583451478	1.38306624894087	19.9800302984261
5.02381386786373	1.38313347616674	19.9799689287927
5.02390561914455	1.38322422026657	19.9798847232244
5.02415452528186	1.38347078091934	19.9796492306685
5.02432246834329	1.38363706927973	19.9794916726496
5.02462341389271	1.3839352250656	19.9792060901168
5.024989994604	1.38429845417246	19.9788621419973
5.02539923800594	1.38470017916822	19.9785177961398
5.02572941170322	1.38502731377044	19.9782040750752
5.02608629601375	1.3853809300946	19.9778646440722
5.02632123881923	1.38561364836707	19.9776425814982
5.0265910213719	1.38588090841867	19.9773869811923
5.02665110412774	1.38594025260338	19.9773332626063
5.0266814420918	1.38597010336774	19.977308185985
5.02667278135259	1.38596128533178	19.9773206634372
5.02671606309118	1.38600397051456	19.9772831227023
5.02685735957525	1.38614383890944	19.9771512086283
5.02706748869547	1.38635195427732	19.9769530277265
5.02731162977691	1.38659379206118	19.976722104986
5.02763311785262	1.38691231606425	19.9764167290473
5.02788246190237	1.38715931271554	19.9761807944544
5.02807813844959	1.38735309930593	19.9759965227344
5.02822010086218	1.38749362863768	19.9758639633609
5.02836459761706	1.38763667043299	19.9757289638321
5.02845353009908	1.38772462002213	19.9756474625237
5.02844980712422	1.38772069837775	19.9756551851026
5.0284984032566	1.38776865314222	19.9756125251111
5.02859834781667	1.38786752108165	19.9755204208718
5.02874092452741	1.38800865900736	19.9753872707418
5.02886304612595	1.38812951572231	19.9752738125579
5.02884071879248	1.38810714654952	19.9752994521955
5.02882743215624	1.38809374187575	19.975316385058
5.02887905260564	1.3881446954558	19.97527081247
5.0289427925434	1.38820766562236	19.975213569315
5.02904022405546	1.38830404214832	19.9751238840381
5.02913284596138	1.38839564963947	19.975038829585
5.02912926903908	1.38839187261607	19.9750464116873
5.02914724468437	1.38840946608817	19.9750332382393
5.02916622493407	1.38842805545932	19.9750190972615
5.02913741123379	1.38839925458393	19.9750509841528
5.02918492269141	1.3884461335393	19.9750093677882
5.02909017148632	1.38835195066937	19.9751047608744
5.02893277983965	1.3881956542775	19.9752604898672
5.02879560068375	1.3880594004169	19.9753967490362
5.02865676559333	1.38792150371504	19.9755346037465
5.02854407079	1.38780952796628	19.9756472783331
5.02848033545127	1.38774609990264	19.9757127955866
5.0284639875332	1.38772966004562	19.9757326733528
5.02845205622852	1.38771759950701	19.9757482976688
5.02860143113722	1.3878654796426	19.9756085924443
5.02871315934614	1.38797603266441	19.9755051350989
5.02883136725982	1.3880930104262	19.9753954386613
5.02889360323907	1.38815449086659	19.9753396385281
5.0290688917154	1.388328064256	19.9751749851481
5.02925643252245	1.38851378631912	19.9749985323953
5.02946907327947	1.38872439507383	19.974797913134
5.02968283597843	1.38893611640527	19.9745962132275
5.02981896284263	1.38907086203517	19.9744692610313
5.03007363519941	1.38932314437412	19.974228173971
5.03022826241513	1.38947623280826	19.9740834075584
5.0302787962479	1.38952610971668	19.9740388760586
5.0303222129658	1.38956892936792	19.974001197303
5.03025053955698	1.38949762944421	19.9740743634562
5.03009623897832	1.38934439698863	19.9742271202112
5.02999206145873	1.38924086654422	19.9743315947645
5.02983021501059	1.38908015123287	19.9744916201999
5.02979936663876	1.38904933272308	19.9745254646004
5.02976856568313	1.38901856122434	19.9745592633034
5.02973144134401	1.38898152011832	19.9745991520348
5.02975013894209	1.38899982976933	19.9745852798446
5.029864252218	1.38911274757611	19.9744795247815
5.03002066053646	1.38926760124136	19.9743330451633
5.03013802854888	1.38938374611388	19.9742241588863
5.03021608116107	1.38946090931625	19.974153127386
5.03034795137304	1.38959143427883	19.9740302736239
5.03053703420683	1.38977868561655	19.9738523326469
5.03068936152849	1.38992949388742	19.9737097805806
5.03086643011555	1.39010483314736	19.9735434064884
5.03098522708217	1.39022239517583	19.9734331417479
5.0310839293566	1.39032003314773	19.973342223802
5.03112662142604	1.39036213491634	19.9733052429906
5.03116291228662	1.39039788942381	19.9732744271469
5.03115960740867	1.3903943824448	19.9732817447101
5.03116698987732	1.39040147278919	19.9732787694001
5.03104025925053	1.39027557929182	19.9734049699134
5.03093933052305	1.39017527111688	19.9735063158011
5.03077306571153	1.39001017528759	19.9736705991684
5.03060451132514	1.38984280897318	19.9738370878243
5.03052052355675	1.38975929901257	19.9739221152224
5.03035365318712	1.38959360282579	19.9740869803999
5.03024245871088	1.38948311527999	19.9741982131929
5.03028989096922	1.38952991708832	19.9741566687941
5.03047436790599	1.38971260164291	19.9739831634196
5.03076424356766	1.38999978626759	19.9737081851683
5.03086875274979	1.39010318218756	19.9736116762233
5.0310459465077	1.39027864551806	19.9734451808674
5.03117681818381	1.39040817995078	19.9733232864533
5.03127281099474	1.39050313136969	19.973234977444
5.03138983635289	1.39061893659372	19.9731264150304
5.03140328544919	1.3906320423428	19.9731175971989
5.03149638565058	1.39072412528883	19.973032074164
5.03148321598519	1.39071083746967	19.9730488929711
5.03156013919976	1.39078688115091	19.972978947829
5.03169073581952	1.39091614330616	19.972857317154
5.03173485528561	1.39095966083936	19.9728189617929
5.03162350749335	1.39084902111504	19.9729303456091
5.0315134826959	1.39073969295328	19.9730404551088
5.03133677419704	1.39056424057568	19.9732148019739
5.03115105041532	1.39037984820988	19.9733978337531
5.03090289505953	1.39013354688267	19.973641012041
5.03061265044946	1.38984550809831	19.9739247407967
5.03045080925436	1.38968479910533	19.9740847611997
5.03043273771542	1.38966665070001	19.9741063007906
5.03032284744393	1.38955745641656	19.9742162776227
5.02997669096563	1.38921397265231	19.9745538743848
5.0296695431041	1.38890917239762	19.9748538827025
5.02924847088698	1.38851453085734	19.9751920451862
5.0288836811101	1.38815257023309	19.9755306152842
5.02854573191005	1.38781722708342	19.9758602905164
5.02825296868267	1.38752669326434	19.9761464269509
5.02798647015682	1.38726220478855	19.9764072575962
5.0277540506641	1.38703151069335	19.9766352550702
5.02751365019473	1.38679290281525	19.9768709391159
5.02726480144917	1.38654591758368	19.9771147601959
5.02711861771863	1.38640073687846	19.977259684951
5.02688674406518	1.38617058521117	19.9774871502494
5.02678616148086	1.38607062231916	19.9775881527994
5.02670105143015	1.38598600150766	19.9776742536124
5.02655803847576	1.3858439651236	19.9778161224297
5.02653387509694	1.38581977664157	19.9778435286609
5.02659481710692	1.38587997358826	19.9777889837747
5.02663738589472	1.38592195287061	19.9777521301892
5.02665850965851	1.38594266863434	19.9777359271438
5.02674957837377	1.38603273642009	19.9776523751158
5.02680251578586	1.38608499624085	19.9776055380047
5.0268198213179	1.3861019259568	19.9775930108309
5.02679187330474	1.38607398455948	19.9776240623846
5.02677849849953	1.38606049356839	19.9776410801572
5.02672756392434	1.38600976032907	19.9776942681489
5.02681156930106	1.38609282530513	19.9776175184808
5.02684237067757	1.38612313750793	19.9775919964845
5.02690380251603	1.38618382060339	19.9775369808781
5.0268936858229	1.38617356091264	19.9775508605797
5.02685896930645	1.38613890906068	19.9775884298627
5.02669805607487	1.38597912308038	19.9777475400806
5.02636848242057	1.38565208849357	19.9780691244431
5.02594771569179	1.38525767341692	19.9784066795235
5.02552709588167	1.38486339030231	19.9787440280126
5.02510619368973	1.38446883440419	19.9790816388894
5.02468547377586	1.38407444353733	19.9794190334192
5.02426436893817	1.38367965410578	19.9797566914759
5.02391449713325	1.38333249314492	19.9800952327783
5.02355845878765	1.38297921741728	19.9804337003129
5.02336200393993	1.38278419000288	19.9806270296121
5.0231416731357	1.3825654870296	19.9808433550526
5.02301404921511	1.3824387117413	19.9809703912627
5.02305102411099	1.3824751444427	19.980938930712
5.02310770378393	1.38253111506176	19.980888498471
5.02321534423427	1.38263761387387	19.980789005084
5.02322434597511	1.3826463112862	19.98078447756
5.02331444487043	1.38273541770361	19.9807018711778
5.02320581402437	1.38262747568999	19.9808106165719
5.02299921064263	1.38242238524974	19.9810137185828
5.02265501382593	1.38208085328751	19.9813493591456
5.0223824042922	1.38181030993088	19.9816160371995
5.0220754952648	1.38150575445527	19.9819157528879
5.02180527104076	1.38123757726428	19.982180128302
5.02154428699773	1.38097856346389	19.982435600354
5.0213147141806	1.38075069711809	19.9826608173777
5.02116065542713	1.38059771021321	19.9828133056828
5.02112044311858	1.38055760909698	19.9828561643602
5.02099852904306	1.38043649619725	19.982977696088
5.02092915766385	1.3803674825981	19.9830486316157
5.02092875845013	1.38036685783136	19.9830531566519
5.0210209907837	1.3804580785768	19.9829685018727
5.02119152804376	1.38062693774683	19.9828084698787
5.02145270074627	1.38088565849883	19.9825611998735
5.02166868911883	1.38109958085533	19.9823574184736
5.02194037474568	1.38136872420295	19.9821000301701
5.02216873513705	1.38159491275563	19.9818843385089
5.02245425670814	1.38187777330899	19.981613630538
5.02275993554875	1.38218061843561	19.9813235210067
5.02299193537561	1.38241041515383	19.9811043211775
5.02309580358949	1.38251317211884	19.9810084638861
5.02333016514185	1.38274531001812	19.9807869888577
5.02351465412135	1.38292800125347	19.9806135181119
5.02377735101375	1.3831882322338	19.980364768293
5.02398531057064	1.3833941941728	19.9801687036644
5.02426365175125	1.38366993640475	19.979904895284
5.02455794825393	1.38396149748636	19.9796257300741
5.02452271816429	1.38392633667253	19.979663794371
5.02435348639354	1.38375830386654	19.9798309065639
5.02432434529394	1.38372917960263	19.9798631080953
5.02423252921334	1.3836379097344	19.979955663887
5.02396355542102	1.3833709712931	19.9802188481446
5.02377582401931	1.38318459359798	19.980403777595
5.02363537075203	1.38304509628805	19.9805431722527
5.02349835524588	1.38290900810866	19.9806792552342
5.02352544506569	1.38293563831287	19.980657313867
5.02357054532863	1.38298012626416	19.9806180315275
5.02357906332385	1.38298834208525	19.9806139733452
5.02361303885971	1.38302179982215	19.9805854019054
5.02361148841926	1.38302003281004	19.9805910363749
5.02361820675537	1.38302646468938	19.9805887092752
5.02364297275791	1.38305079151704	19.9805690051973
5.02375793233811	1.38316454608791	19.9804624669389
5.02391274316852	1.38331781262151	19.9803175645381
5.02406494689613	1.38346849433683	19.9801751715302
5.02431213257938	1.38371334712525	19.9799413525683
5.02454415577396	1.38394316756908	19.9797221240593
5.02484392435466	1.38424015351336	19.9794376922104
5.02505794413973	1.38445212445217	19.9792357926844
5.02529404249411	1.38468598444521	19.9790126453891
5.02543307882047	1.38482361111999	19.9788829249403
5.02553192469827	1.38492138941363	19.9787918963467
5.02553021710708	1.38491946750466	19.9787976825608
5.02544542924017	1.38483516725525	19.978883471718
5.02536415813695	1.38475435407388	19.9789658740166
5.02520153811848	1.38459287722384	19.9791266212367
5.02510861900526	1.38450051376682	19.9792202411704
5.02500591336081	1.38439844619219	19.9793232856862
5.02486076313999	1.38425429147975	19.979467207446
5.02467652224743	1.38407137489029	19.9796487782188
5.02451015305083	1.3839061797275	19.9798131353644
5.02433415468399	1.3837314369997	19.9799867649876
5.02411826978766	1.38351714291932	19.9801988110524
5.0238604589227	1.38326127481707	19.980451239389
5.023650312443	1.3830526713808	19.9806577555859
5.02353795133106	1.38294103060382	19.9807700944759
5.02342872360646	1.38283249715449	19.9808794151558
5.02338670607111	1.38279060658996	19.9809240151506
5.02344906563155	1.38285220833626	19.9808681183896
5.02347861893761	1.38288128232438	19.980843806926
5.02350791020733	1.38291009630315	19.9808197497044
5.02348856867124	1.38289068985384	19.9808425155832
5.02344641159777	1.38284866095813	19.9808872503015
5.02340205308149	1.38280444945537	19.9809341048367
3.90174384999933	0.304637392019631	20.884766356471
3.89899065074	0.301923317402775	20.8867878409646
3.76404752824095	0.168474714962292	20.9947747903008
3.76358223464059	0.168029410263293	20.9948088375075
3.7635470558706	0.167995728964868	20.9948239946898
4.97792976401713	1.33988179278686	20.0202218879429
4.99893038836604	1.35960533339603	20.0033652936756
5.02037426768207	1.37972779715538	19.9860785079983
5.02080797493482	1.38013460809354	19.9857290405093
5.02124211910297	1.3805418463212	19.9853791682793
5.02167595288513	1.38094877622933	19.9850295555563
5.02210875173156	1.38135473693341	19.9846810157812
5.0225410031782	1.3817601389728	19.9843328826293
5.02297201434296	1.38216436612184	19.9839859856946
5.02340267890762	1.38256824751432	19.9836393768299
5.0238243665152	1.38297062897047	19.9832942146454
5.0242118232121	1.38335454814538	19.9829493603257
5.02458869607921	1.38372797450945	19.9826045757839
5.02499146937764	1.38412708141099	19.9822598395629
5.02532920970478	1.38446171431386	19.9819388563355
5.0256791704549	1.38480846303497	19.9816061100206
5.02586890356908	1.38499635501547	19.9814275814617
5.02593389493486	1.38506056623585	19.9813691442438
5.02587319309965	1.3850001483561	19.9814317389976
5.02586062409523	1.38498745621942	19.9814479828331
5.0257653411935	1.38489274884544	19.9815438794816
5.02555634772913	1.38468528784698	19.9817492934049
5.02539246193072	1.384522555793	19.9819112595697
5.02507224979201	1.38420480779761	19.9822238067633
5.02475705121446	1.38389203177728	19.9825315214309
5.02439923568805	1.38353699501305	19.9828699806455
5.02397853623009	1.38314253602066	19.9832070200821
5.02355809324928	1.38274835515243	19.9835439011209
5.02313812783055	1.382354634718	19.9838803225317
5.02271732896092	1.38196013160152	19.9842175949347
5.02229627165687	1.38156533955296	19.9845549737588
5.02191547870803	1.38118751897169	19.9848932754203
5.02160945115502	1.38088383919198	19.9851921337976
5.02143627132593	1.38071189285795	19.9853630358463
5.02138929735408	1.38066508789539	19.9854124054687
5.02143731904597	1.38071247407845	19.9853703133161
5.02157056348541	1.38084435840893	19.9852461804115
5.02164966235175	1.38092255796873	19.9851741702842
5.02160908358585	1.38088209415312	19.9852173825538
5.02135887804644	1.38063376937823	19.9854624688383
5.02109570565633	1.38037258633579	19.9857200437308
5.02072176495997	1.38000156159606	19.98605847782
5.02033984464978	1.37962262387975	19.9863968807948
5.01993838353183	1.37922701368888	19.9867350970136
5.01959933752786	1.37889059329785	19.9870657449488
5.01935259417653	1.37864570316027	19.9873074838388
5.01923370289236	1.37852758931512	19.9874260979353
5.01917759448291	1.37847172837142	19.9874842595799
5.01923557836213	1.37852899248297	19.9874325800413
5.01915885469411	1.37845269082636	19.9875105905531
5.01910298809952	1.37839706986725	19.987568518948
5.01903790794891	1.37833231313826	19.9876353185052
5.01894400048362	1.37823897253254	19.9877298746541
5.01880710507042	1.3781030066752	19.9878658240175
5.01866892122594	1.37796576322233	19.9880030137396
5.0184337408922	1.37773233890727	19.9882336125518
5.01807226705124	1.3773736789203	19.9885720339503
5.01781036798348	1.37711375997998	19.9888283632123
5.0175009672308	1.37680673751427	19.9891304421972
5.0173473350934	1.37665417549248	19.9892825046756
5.01729688647968	1.37660392533748	19.9893352156474
5.01737893140429	1.37668504455681	19.9892603769287
5.01756852119496	1.37687279160059	19.9890820265053
5.01782370860688	1.377125575343	19.9888405458858
5.0182169242128	1.37751520203828	19.988496377695
5.01855678719189	1.37785193530717	19.988173413194
5.01891988616609	1.37821170491338	19.9878294203698
5.01924094520281	1.3785297958948	19.9875245431052
5.01948673197356	1.37877325955909	19.9872921019607
5.01963196504576	1.37891702900358	19.9871564362232
5.01970932041502	1.37899349838925	19.9870861088816
5.01977539759145	1.37905878504471	19.9870266384235
5.01974383003612	1.37902725527665	19.9870611740454
5.01974110197945	1.37902432071829	19.9870679433969
5.01989631859544	1.37917798752879	19.9869226668415
5.02002864598336	1.37930896048453	19.9867994221682
5.02025974356715	1.37953786021327	19.9865811112528
5.02042912984946	1.37970557593156	19.986422194724
5.02069616942647	1.37997010983823	19.9861692912341
5.02097053827441	1.38024191039568	19.9859093328148
5.02114616717354	1.38041581556166	19.9857444054969
5.02133466068311	1.38060247530652	19.9855670949135
5.02147581496818	1.38074219962722	19.9854353502229
5.02161097604823	1.38087598169326	19.9853093742919
5.02172140163584	1.38098523901677	19.9852072093293
5.02172524943354	1.38098882412926	19.9852076484174
5.02168791870622	1.38095157959962	19.9852477353891
5.02171133135387	1.38097456357921	19.9852293380409
5.02179530538012	1.38105759468435	19.9851526367968
5.02195563330337	1.3812163293954	19.9850024358668
5.022111521486	1.38137066257672	19.9848565084891
5.02235019328298	1.38160707256303	19.9846308998609
5.02262852673804	1.38188280437534	19.9843671228109
5.02282068176574	1.38207309578741	19.9841862850078
5.02302027057474	1.38227075773898	19.9839982914903
5.0233314487817	1.38257905368284	19.9837028983381
5.0235569211121	1.38280237785896	19.9834899890316
5.02384639715591	1.38308915780443	19.9832154781468
5.02418090215748	1.38342058041767	19.9828976304268
5.02443606003063	1.3836733361985	19.9826561446345
5.0247140669415	1.38394874791048	19.9823926522454
5.02497601204262	1.38420823699482	19.9821446064302
5.02512202317552	1.38435278084503	19.9820081596937
5.02539452253115	1.38462273415357	19.9817499524097
5.02565079675373	1.38487660095618	19.9815073609725
5.02582756093154	1.38505163587761	19.9813413072555
5.02610981574427	1.38533126131678	19.9810737072194
5.02634782946957	1.38556702370206	19.9808486904933
5.02655070123667	1.38576794389465	19.9806575011968
5.0266582951878	1.38587439678	19.9805580386472
5.0267114395422	1.38592686188162	19.9805110021503
5.02683905448298	1.38605316518369	19.9803922627008
5.02687703672981	1.38609059600267	19.9803598259458
5.02689622348761	1.38610939055385	19.980345487777
5.02698390564222	1.38619609986252	19.9802651969269
5.02701776552873	1.38622944292112	19.9802367307344
5.02707114187505	1.38628213687587	19.9801894717282
5.02709740563381	1.38630794774305	19.9801683199546
5.02712379450097	1.38633388264635	19.9801470477201
5.02710422819426	1.38631425114447	19.9801700290944
5.02710323138712	1.38631303211796	19.9801751280875
5.02714542830545	1.38635464132169	19.9801386342149
5.02718874418918	1.38639735997879	19.9801010626343
5.02723743748151	1.38644541058127	19.9800583133586
5.02723413415236	1.38644190488886	19.9800656334869
5.0272720444806	1.38647926396438	19.9800332670978
5.02731418496318	1.38652081747583	19.9799968276245
5.02731453196114	1.38652093125955	19.9800006326828
5.02732080975259	1.38652692567378	19.9799987267385
5.02734544582881	1.38655112312065	19.9799791425372
5.02730265794871	1.38650846664144	19.9800244866841
5.02741649828735	1.38662111191704	19.9799190114056
5.02747432283586	1.38667821693022	19.9798674704219
5.02761049230673	1.38681300167989	19.9797404967871
5.02775442968618	1.38695548892262	19.9796060393119
5.02788505199167	1.38708477431784	19.9794844008402
5.02802215755871	1.38722048780302	19.9793565200271
5.02813630001644	1.3873334332765	19.9792507483847
5.02831310308024	1.38750850671396	19.9790846482029
5.02841699933675	1.38761129326128	19.9789887424555
5.02860740085564	1.3877998494236	19.9788095502534
5.02878660981	1.38797730849663	19.9786411324413
5.02896851365457	1.38815743938604	19.978470119802
5.02923569505697	1.38842212058199	19.9782170105399
5.02953107347433	1.38871475793995	19.97793675644
5.02977457000141	1.38895595662216	19.977706445012
5.03000392773061	1.38918313730686	19.9774897433406
5.03019909776403	1.38937642200739	19.9773059532433
5.03034629006282	1.38952213733403	19.9771683553283
5.03054166812115	1.3897156284512	19.9769843643826
5.03064877183424	1.38982159531842	19.9768853682839
5.03084479011321	1.39001572116754	19.9767007600639
5.03105365578343	1.39022258620181	19.9765037740844
5.03125066708202	1.39041769784931	19.9763181999886
5.03147540733413	1.39064030129809	19.9761059337545
5.03175230671442	1.39091462012735	19.9758434473812
5.03179602295098	1.39095773766441	19.9758054825704
5.03174565248858	1.3909075624063	19.9758581323897
5.03160376268706	1.39076663716398	19.9759989369954
5.03145759851166	1.39062147343636	19.9761438587238
5.03123465897178	1.39040017769277	19.9763627424534
5.03102983430988	1.39019684481948	19.9765641741888
5.03086153376589	1.39002973008	19.9767304191533
5.03069376289864	1.38986314059545	19.9768961532893
5.03052721435822	1.38969776328021	19.9770607092306
5.03049410796615	1.38966470591464	19.9770967308348
5.03062667199729	1.38979591732323	19.976973213699
5.03079795317373	1.38996551709523	19.9768124178546
5.03101577496584	1.39018126127684	19.9766068125073
5.03127072537264	1.39043381749449	19.9763654612559
5.03140935821675	1.39057104716126	19.976236093938
5.03148907055112	1.39064985605254	19.976163462907
5.03156240332395	1.39072233963556	19.9760969752629
5.03170532066448	1.39086381786351	19.9759634816105
5.03177081141986	1.39092852528245	19.975904545539
5.03179545139533	1.39095272726442	19.9758849506522
5.03185259005384	1.39100915286878	19.9758340581638
5.03174527300956	1.39090250916882	19.9759415605569
5.03166339966478	1.39082109477413	19.9760245546594
5.03154318080623	1.39070165735821	19.976144485076
5.03149925798902	1.39065787438545	19.9761909253216
5.0314300866246	1.39058905566689	19.9762616838955
5.03146874031195	1.39062715259231	19.9762285937473
5.03168673107027	1.39084306520737	19.9760228186963
5.03184248277148	1.39099726854382	19.9758769681731
5.03198265341643	1.39113602294121	19.9757461211594
5.03211437157241	1.39126639672024	19.9756234124232
5.03216206746185	1.39131346016392	19.9755816145126
5.03214781898908	1.39129910264054	19.9755994733297
5.03217977096887	1.39133055541624	19.9755728373039
5.03226018699306	1.39141006211537	19.9754995291372
5.03237539816859	1.39152406856769	19.9753927142965
5.0322976505909	1.39144674603443	19.9754717347561
5.03217142556682	1.39132135324169	19.9755974520157
5.03191473934274	1.39106659208131	19.9758488542631
5.03166122997224	1.39081498133439	19.9760971942568
5.03150978279985	1.39066457799116	19.9762472067949
5.03137426059374	1.39052996603428	19.9763818780971
5.03127622762819	1.3904325281629	19.9764804369929
5.03126069743806	1.39041689792513	19.9764995310951
5.03138065190419	1.39053560615366	19.9763881512936
5.03160215780437	1.39075500292766	19.9761789939973
5.03184524223644	1.39099579457835	19.9759490609927
5.03209345812081	1.39124167386985	19.9757141868864
5.03233879800956	1.39148470189668	19.9754820801645
5.03259686702809	1.39174035059115	19.975237717433
5.03287293981535	1.39201384955327	19.9749760205622
5.03311799945213	1.39225660001908	19.9747441795472
5.03330931792297	1.39244606703686	19.9745640804131
5.03351437838545	1.3926491591387	19.9743707494274
5.03369894719494	1.39283193409245	19.9741971476174
5.03384226183357	1.39297380560335	19.9740632681251
5.03399537587622	1.39312539333146	19.9739199523398
5.03428006716362	1.3934074376449	19.9736499506561
5.03452241942299	1.39364750331779	19.9734207145786
5.03484114353048	1.39396329019427	19.9731179456855
5.03516720062547	1.39428634738355	19.9728081155601
5.03550823714174	1.39462425610096	19.9724838619437
5.03586676617004	1.3949795077948	19.9721427660984
5.03615229402861	1.39526238191374	19.9718719465023
5.03634349728505	1.39545173454165	19.9716919446397
5.03637398541925	1.39548173376268	19.9716667168559
5.03630516701894	1.39541326328618	19.9717371443603
5.03619862123548	1.39530738268441	19.9718439156718
5.03618277085566	1.39529143451461	19.9718633206176
5.0360832979953	1.39519256807586	19.9719632772026
5.03597581180246	1.39508575579819	19.9720709530172
5.03588503766793	1.39499551561719	19.9721625288493
5.03574652858476	1.39485794163021	19.9723000895845
5.03562681160899	1.3947390020238	19.9724195462348
5.03552610087148	1.39463890917138	19.9725206929839
5.03555321483427	1.39466556430533	19.9724987155869
5.0356104088864	1.39472204522101	19.972447767974
5.03560729303246	1.39471872583432	19.9724549064779
5.03556225650522	1.39467383929444	19.9725024230489
5.03549665725533	1.39460856321391	19.9725697465879
5.03541160576648	1.39452399808311	19.9726558083533
5.03535099847367	1.39446367137004	19.9727183235809
5.03517653067299	1.39429044017319	19.9728905254853
5.03499391402877	1.39410912847737	19.9730705774989
5.03482076302607	1.3939372032047	19.973241509313
5.03474672140245	1.39386355494046	19.9733169648971
5.03455699111322	1.39367518909946	19.9735038691037
5.03437247686374	1.39349199527179	19.9736857479857
5.03415697567525	1.39327807395379	19.9738974804505
5.03387534113269	1.39299857239949	19.9741729311118
5.0336153613509	1.39274054479464	19.974427515275
5.03353985551165	1.39266544446175	19.9745043796732
5.03354766990791	1.39267296228915	19.9745009915149
5.03349251064771	1.3926180377776	19.9745582571179
5.03351464968613	1.39263975973001	19.9745410728266
5.03351965085254	1.39264448871069	19.974540394182
5.03364944587073	1.39277295528077	19.9744195362338
5.03381590795896	1.39293777733707	19.9742633716206
5.03403553757027	1.39315531406532	19.9740560133444
5.03416731749187	1.39328574753565	19.9739332433104
5.03413941895091	1.39325785336487	19.9739642533426
5.03397136610408	1.39309098335862	19.9741302710938
5.03382536204434	1.39294597720986	19.9742750472232
5.03360260257314	1.39272485933618	19.9744937683362
5.03356469364232	1.39268703949198	19.9745344191175
5.03347444271288	1.39259731874749	19.9746254865746
5.03346876879415	1.39259146229012	19.9746350902182
5.03344094046445	1.3925636383546	19.9746660314375
5.0334163799511	1.39253905502724	19.9746938249498
5.03337971601426	1.39250247037972	19.9747332761093
5.03334686835287	1.39246966977517	19.974769051604
5.03329472435764	1.3924177355101	19.9748234127717
5.03328137774535	1.39240427122194	19.9748404060506
5.03335312085511	1.39247517733006	19.9747754527277
5.03352946978659	1.39264980185457	19.974609770315
5.03369532392475	1.39281402057402	19.9744541934811
5.03392442715121	1.3930409499308	19.9742377190826
5.03407805835796	1.39319304975962	19.9740939100432
5.03427605379782	1.39338913647082	19.9739073846425
5.03445832010846	1.39356962794362	19.973736003207
5.03450749671903	1.39361815861364	19.9736927807434
5.03450522584776	1.39361567668073	19.9736991072727
5.03452415387216	1.3936342139076	19.9736850188571
5.03448777548238	1.39359791138056	19.9737241969274
5.03450850942332	1.39361823883575	19.9737083673291
5.03455184943805	1.39366098117593	19.9736707660828
5.03456844645582	1.39367720669445	19.9736589208538
5.03459215915021	1.39370048779467	19.9736402227902
5.0345831220516	1.39369129545522	19.9736530669252
5.0344555924324	1.39356460841877	19.973780047877
5.03432922061605	1.39343906956241	19.9739059130626
5.03422918283594	1.39333964336478	19.9740064103554
5.03404363916613	1.39315542947792	19.9741892783617
5.03400852463897	1.39312038004169	19.9742272391741
5.03399023860922	1.39310201756819	19.9742489910896
5.03401031076383	1.39312168971115	19.9742337999823
5.03406243481352	1.39317314269241	19.9741877405912
5.0340399512857	1.39315061878092	19.9742135350771
5.03406424882021	1.39317448119706	19.9741942739792
5.03415082719677	1.39326009720613	19.9741150344532
5.03424524967297	1.39335349046951	19.9740282435681
5.0342794254338	1.39338714713575	19.9739994689538
5.03432519446903	1.39343229889521	19.9739595292935
5.0343403676796	1.39344711324126	19.9739490559394
5.03429184107575	1.39339876547616	19.9739999349137
5.03410032228714	1.39320862726247	19.9741885581922
5.033933704076	1.3930431807508	19.9743531921527
5.03373713227235	1.39284803187932	19.97454668222
5.03354427858869	1.39265657003058	19.974736589419
5.03329750656447	1.39241164141815	19.9749784420707
5.03305591244362	1.39217184750318	19.9752153046863
5.03282635698554	1.39194399134824	19.9754405681424
5.03262236137927	1.3917414811967	19.9756412055304
5.03243595646171	1.39155641421178	19.9758248958545
5.03222970325559	1.39135166572453	19.9760277059861
5.03215687189573	1.39127921807095	19.976101992392
5.03199897661418	1.39112242201291	19.9762582159792
5.03180349477398	1.390928354785	19.9764506473075
5.03152271659827	1.39064970511908	19.9767252538997
5.03124670573606	1.39037578314721	19.9769952653595
5.0310694675992	1.39019980714005	19.9771701182276
5.03095346301911	1.39008455030207	19.977285986298
5.03087128447501	1.39000283513851	19.9773692727507
5.03082094998515	1.38995269555219	19.9774218889626
5.03082816243191	1.38995961718087	19.9774190832063
5.0308581373759	1.3899891086973	19.9773943568999
5.03104640588138	1.39017554966758	19.9772172152489
5.03133047256443	1.39045697185721	19.976947846815
5.03156093101689	1.39068524373697	19.9767300830077
5.03173472106118	1.39085733028459	19.9765668762312
5.03190972033643	1.3910306157168	19.976402505077
5.03218940337403	1.39130769201824	19.9761373508825
5.03243182098088	1.39154782082745	19.9759080723462
5.03257909431573	1.3916936159545	19.9757703934067
5.03274382334943	1.39185671791582	19.9756159064317
5.03282456415578	1.391936544563	19.9755422915981
5.03294184685783	1.39205260296761	19.975433488513
5.03296254914628	1.392072899054	19.9754176914388
5.03280955333789	1.39192096068503	19.9755691987537
5.03269772180083	1.39180984057911	19.9756810527642
5.03262031409806	1.39173285452213	19.9757597486228
5.0325897898395	1.39170235688049	19.975793288405
5.03265455521874	1.39176634288676	19.9757350580384
5.03263895169577	1.39175063995039	19.9757542269406
5.03258527981736	1.39169719014114	19.9758100604765
5.03258746794294	1.39169912891034	19.9758120941438
5.03262127844484	1.39173242293868	19.9757836740477
5.03263509334287	1.39174589067786	19.9757745103801
5.03273277617473	1.39184251625775	19.975684582472
5.03276478790036	1.39187402735583	19.9756578930612
5.0329209851673	1.39202867082677	19.975511620624
5.03311353565014	1.39221935847522	19.9753303445389
5.03329559763414	1.3923996465524	19.9751591665023
5.03352000634485	1.39262192081898	19.9749472157259
5.03365054078931	1.39275111937174	19.9748256498557
5.03373736044207	1.39283697381392	19.9747461786332
5.03381401992635	1.39291275417859	19.9746764914274
5.0339443890278	1.39304178854641	19.9745550839918
5.03401692593778	1.39311348111005	19.974489366907
5.0341307827158	1.39322614315268	19.9743838589009
5.03425416162711	1.39334824650459	19.974269181726
5.0344029238419	1.3934955175576	19.9741300623806
5.03450269058403	1.39359420899611	19.9740381241682
5.03465815739095	1.39374812753787	19.9738925476372
5.03469264541211	1.39378209287239	19.9738634723336
5.03480223167308	1.39389052021431	19.973762075047
5.03479807329397	1.39388616544529	19.9737702208196
5.03468600890067	1.39377481393218	19.9738823040745
5.03464681706832	1.39373572138266	19.973924192724
5.03468195820791	1.39377033403096	19.9738944884154
5.03468757857663	1.39377567533643	19.9738932155568
5.03461948921751	1.39370792871397	19.9739629387929
5.03451012505149	1.39359925449784	19.9740724207907
5.0344341707637	1.39352370910957	19.97414971968
5.03443252181708	1.39352184250889	19.974155448233
5.03441368511194	1.39350293322919	19.9741777311965
5.03444415996878	1.39353291902382	19.9741525211594
5.03452328327519	1.3936111415723	19.9740804600947
5.0345388278288	1.39362632326471	19.9740696292672
5.03458161546003	1.39366851777377	19.9740325608459
5.03469909873723	1.39378477513837	19.9739235590045
5.0347354441241	1.39382058226827	19.9738926954016
5.03468443493427	1.3937697723764	19.9739459664987
5.03471011619563	1.3937950055488	19.9739253734909
5.03473794672575	1.39382237006122	19.973902709911
5.03482379955289	1.39390726575466	19.9738241684527
5.03493795752068	1.39402022656787	19.9737183704713
5.0350043307973	1.39408580783596	19.9736585884194
5.03507098749836	1.39415167036369	19.9735985328874
5.03518023535085	1.39425976312528	19.9734974619825
5.03528923330153	1.39436760825631	19.9733966317469
5.03525766414048	1.394336075463	19.973431178482
5.03524924938527	1.39432750180896	19.9734434235373
5.03527596148505	1.39435375808245	19.9734218391025
5.03518524222112	1.39426357354451	19.9735133604763
5.03504475199867	1.39412403662874	19.9736528257266
5.03488297959788	1.3939633968625	19.9738127916259
5.03467261593488	1.39375457270032	19.9740195702731
5.03451624181795	1.39359928542728	19.9741743354053
5.03446236120515	1.39354562920257	19.9742303723496
5.03448057507653	1.39356345861259	19.9742169726707
5.03458325169189	1.39366503517968	19.9741222338531
5.03466906022114	1.39374988631728	19.9740437383441
5.03480240096789	1.39388186610665	19.9739194714081
5.03497736373256	1.39405511407656	19.9737551257441
5.03517652756548	1.39425235694747	19.9735674781608
5.03526882283648	1.39434363977361	19.9734827345561
5.03536710043851	1.39444085378811	19.9733922308589
5.03541951003345	1.39449258855991	19.9733458980093
5.03543193774149	1.39450467976314	19.9733380711285
5.03540000734063	1.39447278720088	19.973372968178
5.03527572125702	1.39434931696697	19.9734968261982
5.03526397086016	1.39433743407034	19.9735122861658
5.03522994415195	1.39430346300161	19.9735492018121
5.03528148668096	1.3943543378831	19.9735037042204
5.03522835356761	1.39430142143127	19.9735590237296
5.03516385320895	1.39423723358328	19.973625291789
5.03510962611083	1.39418323247516	19.9736816644181
5.0349670619255	1.39404163797067	19.973823129089
5.0346818373697	1.39375857812382	19.9741020375194
5.03438653744757	1.39346552735674	19.9743906517384
5.03407571113169	1.39315708017713	19.9746942238841
5.03386451973355	1.39294743463281	19.9749017979702
5.03369256223564	1.39277669397975	19.9750715741233
5.03359533482838	1.39268005536318	19.9751693630017
5.03353302770378	1.3926180428081	19.9752335161006
5.03346914769981	1.39255447081923	19.9752991839598
5.03332909692538	1.3924153696578	19.9754382213912
5.03311247672565	1.39220034163924	19.9756510208787
5.03294405637245	1.39203310939802	19.9758173854561
5.03290135685639	1.39199053957442	19.9758626525288
5.03291355661103	1.39200240522767	19.9758550467903
5.03290609611462	1.39199477682778	19.9758663749981
5.03287847815005	1.39196716135865	19.9758971166333
5.03289064868445	1.39197899819487	19.9758895389172
5.03286833258504	1.39195663977272	19.9759151743845
5.03292345752072	1.39201106706618	19.975866231309
5.03294424420423	1.39203144709284	19.975850356184
5.03294328637064	1.3920302667238	19.9758554218912
5.03283796270196	1.39192560120381	19.9759610063325
5.03283295461465	1.39192040495488	19.9759699727734
5.03279226035405	1.39187982424232	19.9760133079623
5.03281394779586	1.39190109806583	19.9759965652151
5.03290789266079	1.39199401696683	19.9759102409102
5.03300145444886	1.39208655685568	19.9758242806594
5.03309686894801	1.39218093378543	19.9757365365396
5.03330691929871	1.39238897119889	19.9755384172958
5.03346458798203	1.3925450734991	19.9753907277355
5.03365244950948	1.39273111173542	19.9752139665426
5.03377560336811	1.39285299249708	19.9750995098001
5.03393308887883	1.3930089130936	19.9749519950444
5.03412224166446	1.39319623135466	19.9747739894759
5.03417331077533	1.39324663820966	19.9747289475176
5.0342061834179	1.39327900256236	19.9747014294081
5.03425612106421	1.39332828734667	19.9746574772103
5.03423012921792	1.39330228423636	19.9746866523131
5.03420963477722	1.393281732055	19.9747105324184
5.034150734919	1.39322309843978	19.9747714033737
5.03416892000885	1.39324089887688	19.9747580307968
5.03411324909725	1.39318546648364	19.9748157919456
5.03401006983913	1.39308292576517	19.9749193145736
5.03384770448662	1.39292169625225	19.9750798514217
5.03374735574239	1.39282196229716	19.9751806471296
5.03361320255847	1.39268870827118	19.9753140053099
5.03348951675572	1.39256583369946	19.9754372800227
5.03336472671722	1.39244186430206	19.9755616178613
5.03327794690849	1.39235558551799	19.9756493419452
5.0331954895467	1.39227359257358	19.9757329026328
5.03314349629363	1.39222180699142	19.9757871205152
5.03317241539818	1.39225025031028	19.9757634115633
5.03310152192523	1.39217972393548	19.9758358337866
5.03303492969486	1.392113462608	19.9759041129805
5.03302121548675	1.39209963314218	19.9759214631211
5.03319383043202	1.39227055264288	19.9757593854514
5.03332606373052	1.39240143386348	19.9756361895265
5.03350022868543	1.39257389033262	19.9754726186038
5.03384993306241	1.39292038667543	19.9751400549223
5.03409839798287	1.39316650982658	19.9749049475075
5.03443455489546	1.39349957470705	19.9745854231833
5.03484592495837	1.39390160846861	19.9742396889655
5.03515559873625	1.39420841796453	19.9739456522923
5.035458047311	1.39450806452045	19.9736585687578
5.03568472624007	1.39473258839441	19.9734444302007
5.03587612646812	1.3949221341509	19.9732642590646
5.03604951874978	1.3950938256597	19.973101425251
5.03613876274953	1.39518208359145	19.973019620323
5.03629673950494	1.39533849068835	19.9728716284512
5.0365103855632	1.39555009287006	19.9726700335398
5.03665357651498	1.3956918393502	19.9725362779411
5.03676717420665	1.39580424394151	19.9724310192177
5.03699581938	1.39603071695531	19.9722149825928
5.0372297789633	1.39626245958482	19.9719938262014
5.03746570349671	1.39649615062575	19.9717707768188
5.037773908686	1.39680150520604	19.9714781364472
5.03799845586126	1.397023915878	19.9712660387285
5.03829740239267	1.39732009091959	19.9709823081491
5.03855311367752	1.39757340022752	19.9707402018925
5.03879829703109	1.39781627158606	19.970508230982
5.03892230966896	1.39793900345762	19.9703929374178
5.0390691465623	1.39808436549208	19.9702556643843
5.03918435661074	1.39819836932679	19.9701488480955
5.03934041725941	1.39835287673381	19.9700026935078
5.03942553797242	1.39843704739024	19.9699248447238
5.03952517435544	1.39853561068873	19.9698330158897
5.03967544128336	1.39868437531125	19.9696924260926
5.03967370514686	1.39868242264671	19.9696982371625
5.03967036673103	1.39867888111017	19.9697055921706
5.03962117563485	1.39862987312001	19.9697571171469
5.03957183364828	1.39858071542532	19.969808787255
5.03946743338838	1.39847696232348	19.9699134986853
5.03923439240928	1.39824564660504	19.9701421542478
5.03901559626557	1.39802845675823	19.9703570826569
5.03893710165192	1.39795039171245	19.9704368359522
5.03882791752858	1.39784189528233	19.970546154458
5.03878355412617	1.39779767450225	19.9705930283586
5.03875759489966	1.39777170292317	19.9706221729617
5.03860122317464	1.39761641534791	19.9707769521341
5.03849137426318	1.39750725999544	19.9708869100272
5.03837305655127	1.39738970650948	19.9710050264868
5.0383440263148	1.39736068993439	19.9710371269322
5.03835577436974	1.3973721076922	19.9710299472433
5.03828175629394	1.39729848166685	19.9711053856249
5.03829150215912	1.39730791426448	19.9711001343869
5.03841241462093	1.39742757362011	19.9709878127001
5.03840285393978	1.39741786225904	19.9710011587151
5.03834544851953	1.39736070904136	19.9710605935961
5.03822350123816	1.39723955641265	19.9711822065772
5.03809636044965	1.39711325365861	19.9713088231231
5.03798037065133	1.39699800830961	19.9714246962402
5.03783830625049	1.39685690724817	19.9715656899249
5.03775726442058	1.39677631665913	19.9716478940557
5.03758701034978	1.39660726214325	19.9718160468875
5.03739947780397	1.39642107399634	19.9720008465361
5.03728831846139	1.39631061912319	19.9721120638487
5.03709896706907	1.39612262716957	19.9722986153038
5.03697174309191	1.39599624190581	19.9724253090786
5.0368032021828	1.39582888588492	19.9725918093589
5.03659924555074	1.39562641047501	19.9727924322289
5.03637400384538	1.39540282818757	19.9730135626915
5.03619009738835	1.3952202354623	19.9731948650462
5.03610848632007	1.39513908006536	19.9732776147254
5.03601812532495	1.39504924826924	19.9733687934215
5.03587117113862	1.39490329855973	19.9735144923909
5.03578417821066	1.39481680705458	19.9736024261013
5.03572073430777	1.39475366653607	19.9736676741609
5.03567339266024	1.39470649255488	19.9737174113948
5.03564162412568	1.39467476072123	19.9737521485437
5.03566174423439	1.39469448003663	19.9737369056609
5.03570615299891	1.39473828300767	19.9736982695405
5.03564384112137	1.39467626535992	19.9737624268785
5.03557333336603	1.39460612062511	19.9738344792574
5.03554395037127	1.39457675458193	19.9738669175902
5.0353643494767	1.39439843261594	19.9740440665208
5.03526002439218	1.39429475522206	19.9741486947297
5.0351701887814	1.39420544542302	19.9742393649039
5.03503989039245	1.39407601279045	19.9743690141287
5.0349438056592	1.39398050652834	19.9744657036477
5.03482008167888	1.39385759329644	19.9745890186201
5.03472334751282	1.39376144323919	19.9746863331926
5.03470196537602	1.39374001076535	19.9747110652975
5.03468034910132	1.3937183463877	19.9747360226379
5.03465347200412	1.39369146541742	19.9747660472152
5.03460558551901	1.39364375205126	19.9748163083087
5.03464599359021	1.39368358818135	19.9747815273067
5.034700145071	1.39373705167321	19.9747335102772
5.03485389653541	1.39388927106907	19.9745895783227
5.03495649965425	1.39399077591976	19.9744949001716
5.03515682917857	1.39418917743474	19.9743061169688
5.03539004587345	1.39442018624386	19.9740856682691
5.03557937827351	1.3946076842166	19.9739074730266
5.03570979821931	1.39473677010229	19.9737860057094
5.03574669640113	1.3947731260017	19.9737546046605
5.03583480003775	1.39486025419604	19.9736738882107
5.03590773275992	1.39493234008958	19.9736077822255
5.03604181059817	1.39506505282074	19.973482791505
5.03615862460197	1.39518064812581	19.9733744261851
5.0363016130648	1.39532219608256	19.9732408541699
5.03657619643002	1.39559421912157	19.9729805714945
5.036767767164	1.39578393647487	19.9728002161757
5.03691826440944	1.39593292945093	19.9726594120831
5.03702907106076	1.39604256832063	19.972556829718
5.03719386052739	1.39620573178428	19.9724022610315
5.03727632223982	1.39628726549655	19.9723269759934
5.03729972291854	1.3963102376261	19.972308575343
5.03725899112972	1.39626961837923	19.9723519478399
5.03733702330217	1.39634676031511	19.9722809290622
5.03736902844166	1.39637826456585	19.9722542403762
5.03737066308232	1.39637965454373	19.9722568043016
5.0373122628956	1.39632151546688	19.9723171968905
5.03726189053662	1.39627133663895	19.9723698562709
5.03719704436794	1.39620680600788	19.9724364579721
5.03714630870461	1.39615626720442	19.9724894669306
5.03696698801208	1.39597822330415	19.9726663508096
5.03684641148981	1.39585843091935	19.972786638893
5.03677142403484	1.39578384418901	19.9728630091946
5.03663110531039	1.39564447498302	19.9730023166621
5.03642767899395	1.39544252693068	19.9732024246497
5.03627245776022	1.39528838020392	19.9733560883916
5.03611287547562	1.39512990903984	19.9735139531129
5.03600933850442	1.39502701300319	19.9736178245827
5.03593516489046	1.39495323339603	19.9736934096235
5.03594303125926	1.3949608019882	19.9736899715656
5.03595100748231	1.39496847965685	19.9736864276773
5.0361033954108	1.39511934608705	19.9735438074579
5.03628883470443	1.39530298277773	19.9733693606869
5.03636034670382	1.3953736586976	19.9733046248288
5.03635539678942	1.39536851893097	19.9733135312959
5.03638488404966	1.39539752558813	19.9732892690319
5.03638215492135	1.39539458779959	19.973296036573
5.03635069737918	1.39536316376822	19.9733304759618
5.03639335447263	1.3954052287299	19.9732935293465
5.03650097825761	1.39551171048069	19.9731940146562
5.03657232967212	1.39558222736689	19.9731294321153
5.0365277110019	1.39553775341429	19.973176548879
5.0365118847721	1.39552182936596	19.9731959315608
5.03660263072529	1.39561157685301	19.9731126705303
5.03664236310714	1.39565074234642	19.9730785406377
5.03667717911488	1.39568503289225	19.9730491459273
5.03675920562788	1.39576613434126	19.9729742823776
5.03686056279423	1.39586640281801	19.9728808019601
5.0370738742685	1.3960776745966	19.9726795119347
5.03733241500654	1.39633379042924	19.9724346716698
5.03748513197748	1.39648498332242	19.9722917290578
5.03772595258786	1.39672353033567	19.9720639481789
5.03788633337317	1.39688232175674	19.9719136238751
5.03812682530279	1.39712054301306	19.971686157387
5.03832899513452	1.39732076873593	19.9714955904212
5.03868085371721	1.39766940623832	19.9711608987188
5.0388782873897	1.39786493617356	19.9709748911406
5.03906801781809	1.39805282835609	19.9707962997107
5.03941924696834	1.39840084207174	19.9704622082421
5.03968612477472	1.39866522497322	19.9702093277603
5.0400094516796	1.39898557535577	19.9699020952136
5.04024208862538	1.39921600956599	19.9696821836217
5.04052848227204	1.39949974280469	19.9694105081059
5.04087953585446	1.39984758350248	19.9690765752889
5.04121556567849	1.40018052936371	19.9687571043231
5.04154086216731	1.40050283342814	19.9684479657937
5.04188166665388	1.40084051314198	19.968123892716
5.04212429569954	1.401080855189	19.967894349141
5.04241958348346	1.40137340693033	19.967614101066
5.04269546853977	1.40164672202861	19.9673525315467
5.04296073350019	1.40190950730233	19.9671011865954
5.04325890229097	1.4022049157364	19.9668181550282
5.04349819620351	1.40244195069099	19.9665918151561
5.0435767989226	1.40251965749214	19.966520238092
5.04364420563462	1.40258626268923	19.9664594450395
5.04373998557144	1.40268100075793	19.9663713221868
5.04378033172715	1.40272077367212	19.9663365956291
5.04370371878819	1.40264457240951	19.9664145455695
5.04366392245942	1.40260487809491	19.9664570249066
5.04364549034952	1.40258636831009	19.9664789219822
5.0435766317289	1.40251785635372	19.9665494006826
5.04358117449102	1.40252212800629	19.9665491645349
5.04354517710895	1.40248620097428	19.9665879837783
5.04345406042464	1.40239561836991	19.9666799067994
5.04339090131986	1.40233275871415	19.9667448937665
5.04334240631219	1.40228444008507	19.9667957525651
5.04326106779286	1.40220355409283	19.9668782536921
5.04329774502796	1.40223968999633	19.9668470626375
5.04339893066279	1.402339788847	19.9667537350247
5.04347750948979	1.40241747210253	19.9666821824584
5.04349606178028	1.40243563608839	19.9666684520002
5.04351500752031	1.40245419019322	19.9666543418365
5.04354964647649	1.40248830518909	19.9666251141728
5.0436270414284	1.40256481478707	19.9665547016592
5.04374866209151	1.40268517547812	19.9664416942084
5.04390794833103	1.40284288258576	19.9662924095656
5.04405662195175	1.40299006760106	19.9661533442562
5.04423312098025	1.40316484183911	19.9659874796004
5.04435185661503	1.40328234251025	19.9658772476107
5.04450850437725	1.40343743405012	19.9657305008625
5.04465954105941	1.4035869621037	19.9655891578208
5.04478203331624	1.40370818777882	19.9654753066399
5.04483205609507	1.40375755670457	19.9654312602207
5.04477880607424	1.40370452315335	19.9654867022682
5.04465495968533	1.40358148597856	19.9656101629016
5.04450578033156	1.40343332827572	19.9657580328644
5.04421615832747	1.40314590109329	19.9660412433854
5.04394109290583	1.40287290916569	19.9663104234771
5.04351956827695	1.40247809230367	19.9666499619582
5.04318081203971	1.40214194034019	19.9669805217287
5.04288868968599	1.40185203427283	19.967266133868
5.04262250598308	1.40158785098515	19.967526745795
5.04251376380309	1.40147979165764	19.9676356481625
5.04244095146611	1.40140736039868	19.9677099340751
5.04234428320972	1.40131127415468	19.9678072027932
5.04221611454727	1.40118395242694	19.9679348201141
5.0420646593251	1.40103353957281	19.9680848733957
5.04184005331123	1.40081058841862	19.9683054111629
5.04168277644091	1.4006544036717	19.9684610710668
5.04156022279162	1.40053265052085	19.9685832760638
5.04140324628738	1.40037676367748	19.9687386456005
5.04129496717243	1.40026916531876	19.9688470971222
5.04121099506309	1.40018566963174	19.9689321311762
5.04122969845163	1.40020398396939	19.9689182570768
5.0411077369206	1.40008281793868	19.9690398905887
5.04107547118699	1.40005059295663	19.9690751137379
5.04093455074162	1.39991062722683	19.9692150127071
5.04078502607332	1.39976212944219	19.9693632011824
5.04057735737972	1.39955597483533	19.9695674114648
5.04038761339717	1.39936759485839	19.9697543499017
5.04011636846875	1.3990983954604	19.9700198200016
5.0397749542452	1.39875961199176	19.970352908905
5.03942935119604	1.39841667477474	19.9706900321386
5.03905712939442	1.39804734048502	19.9710295624604
5.0386814670408	1.39767459473728	19.9713690378564
5.03843999925029	1.39743492472199	19.9716058046379
5.0382452568221	1.39724158918152	19.971797549499
5.03794319160686	1.3969418285599	19.9720927033524
5.03774154056664	1.39674164277633	19.9722911016756
5.03766903981919	1.39666952236339	19.9723650795513
5.03761268566083	1.39661341237246	19.9724235037662
5.03748499368079	1.3964865649523	19.9725506481418
5.03737255829634	1.39637484594038	19.972663094678
5.03723009406708	1.39623335046556	19.9728044693158
5.03701813845832	1.39602294646691	19.9730127929948
5.03695869109802	1.39596376917137	19.9730741961204
5.03686057763184	1.39586625132506	19.9731728453411
5.03667341789598	1.39568043517505	19.9733572785272
5.03647474253599	1.3954831999205	19.9735528056453
5.03633165521686	1.39534108642822	19.9736947783217
5.03629696363832	1.3953064562334	19.9737323354383
5.03626781177033	1.39527731892514	19.9737645568166
5.03619304231648	1.39520294893747	19.9738407177248
5.03615293803944	1.39516295211396	19.9738834879635
5.03608028977859	1.39509068565144	19.9739576052072
5.03599786953853	1.39500872900288	19.9740411342845
5.03595861742148	1.39496957686488	19.9740830811791
5.03598009636688	1.3949906431313	19.9740665334047
5.0360015478	1.39501168228238	19.9740500122518
5.03601583402301	1.39502561675502	19.9740403916568
5.03592077185382	1.39493112441431	19.974136098717
5.0358728439387	1.3948833694984	19.9741864025336
5.03582578933104	1.39483648072344	19.9742358650944
5.03580080810099	1.39481147918116	19.9742640660348
5.035776433248	1.39478707907967	19.9742916829121
5.03572432928824	1.3947351835669	19.9743460089745
5.0356793344923	1.3946903375137	19.9743934871054
5.03569995744888	1.39471055567028	19.9743777636107
5.03570467771689	1.39471500542316	19.9743773566704
5.03568452275299	1.39469478979413	19.9744009094525
5.03580773074893	1.39481672410584	19.9742863924762
5.03590303232273	1.3949109886435	19.9741987490534
5.03592747340018	1.39493499246577	19.9741793491178
5.03594659728945	1.39495372392403	19.9741650703524
5.03593034384141	1.39493737672406	19.9741848655825
5.03594688981895	1.39495355211816	19.9741730696232
5.03602339953145	1.39502918413169	19.9741035231386
5.03607837043442	1.39508345958697	19.9740547199169
5.03611927415281	1.39512378709677	19.9740194645143
5.03614006064264	1.39514416735209	19.9740035845112
5.0362272337372	1.39523037230946	19.9739237688019
5.0363087564905	1.39531097487745	19.9738493948657
5.03640109786348	1.39540230439346	19.9737646013382
5.03655304559686	1.39555273432014	19.9736224090875
5.03669993544032	1.39569814948912	19.9734850872672
5.03691457147796	1.39591073474338	19.9732825322671
5.03710620206005	1.39610051044379	19.9731021271886
5.03718020164892	1.39617365370515	19.9730349981132
5.03723275659614	1.39622553363804	19.9729885232051
5.03725793685581	1.39625027043073	19.972968411788
5.03736497258448	1.39635616965847	19.9728694673424
5.03750779270935	1.39649754942811	19.9727360621704
5.0376604193424	1.39664865253557	19.9725932132479
5.03784117279735	1.39682764317399	19.9724232792143
5.03798892550044	1.39697391372345	19.9722851226892
5.03814448403345	1.39712792355515	19.9721394493198
5.03846613804981	1.39744661284701	19.9718338491785
