conditions	3	4	4	4	4	4	4	4	4	4	5	5	5	5	5	5	5	5	5	6	6	6	6	6	6	6	6	6	7	7	7	7	7	7	7	7	7	15	16	16	16	16	16	16	16	16	16	17	17	17	17	17	17	17	17	17	18	18	18	18	18	18	18	18	18	19	19	19	19	19	19	19	19	19	31	32	32	32	32	32	32	32	32	32	33	33	33	33	33	33	33	33	33	34	34	34	34	34	34	34	34	34	35	35	35	35	35	35	35	35	35
factors	0	-4	-3	-2	-1	1	2	3	4	5	-4	-3	-2	-1	1	2	3	4	5	-4	-3	-2	-1	1	2	3	4	5	-4	-3	-2	-1	1	2	3	4	5	0	-4	-3	-2	-1	1	2	3	4	5	-4	-3	-2	-1	1	2	3	4	5	-4	-3	-2	-1	1	2	3	4	5	-4	-3	-2	-1	1	2	3	4	5	0	-4	-3	-2	-1	1	2	3	4	5	-4	-3	-2	-1	1	2	3	4	5	-4	-3	-2	-1	1	2	3	4	5	-4	-3	-2	-1	1	2	3	4	5
ppgpp mean	19.6576010494895	19.6634772841114	19.6636166536396	19.6617494529629	19.6583619964157	19.6590299421605	19.6584082356646	19.6593132808447	19.65878510419	19.6581162087191	19.6585100639756	19.6584233300121	19.6584265210788	19.6582510093477	19.6568811343704	19.6574590780084	19.6577082426191	19.6572770063091	19.6558353613915	19.6620107682171	19.6601553201122	19.6588526982985	19.6586901377905	19.6576844070714	19.6569942225679	19.6552343221961	19.6515719170981	19.6496627071139	19.6596747023773	19.6575391010794	19.6582880724963	19.6575897155654	19.6583111411071	19.6585084844548	19.6578016859402	19.6588375583686	19.6597097190345	49.1384941158033	49.1599759450488	49.1597083141756	49.1539949034639	49.1384591578523	49.1428695499778	49.1408755287201	49.1445324459456	49.1469923474878	49.1423172039421	49.1419189099513	49.1412936337299	49.1416602392971	49.1412463466672	49.1401888496396	49.1398696896638	49.1387039939664	49.137942178717	49.1390736648813	49.1563829902628	49.1472870774713	49.1453389966036	49.1413421892514	49.1367769731257	49.1378569122025	49.1378473073367	49.138536270631	49.1394443385757	49.1496617238583	49.1414601548263	49.1398608108304	49.1383722623879	49.1408718983061	49.139617481534	49.1409506232131	49.1428365009805	49.1407098825959	88.4651368664939	88.4885879341902	88.487825230851	88.4760841933854	88.4648611312226	88.4651500564301	88.4646078769558	88.4645222422558	88.4662801564542	88.4606311783583	88.4646701623897	88.4663786244172	88.4646064326601	88.4640229185642	88.4648606502544	88.4643023092155	88.4650829780387	88.4660835663364	88.4664345242002	88.4748490515798	88.4662005633728	88.4646522854835	88.4647638235069	88.4634847946166	88.4637392062805	88.4644888092272	88.4656508339344	88.4656036515283	88.4791116344862	88.4702478032125	88.4664017813046	88.4654148346627	88.4645247715	88.464686131904	88.4631435911261	88.4619350765426	88.4618691970418
growth_rate mean	0.61642448577734	0.115380973279109	0.143346459166021	0.316634053743416	0.564262465086814	0.511637071532408	0.563179268220215	0.498997216455333	0.519372394629948	0.541931914744265	0.55980696046613	0.555636204657287	0.55746952234718	0.560903768007373	0.661728532888786	0.632047712603815	0.610358317835248	0.638889492867245	0.7327249203823	0.292517784910385	0.430617189704397	0.524331226478382	0.522435147233997	0.601932854463802	0.666901667720603	0.784921742934859	1.07905350483995	1.27339766870597	0.451846591668395	0.605599689920745	0.569579345507258	0.622522941624433	0.566119985552248	0.547469205372468	0.603776091661895	0.519736537727235	0.461710305494672	0.803616585123966	0.076112879634804	0.097049597548418	0.344991155342739	0.801327824097325	0.667633456402336	0.744893733781192	0.624836573423663	0.527512856979325	0.609582902271244	0.699437613734832	0.724707184741561	0.714226799652123	0.727975939986422	0.754242003641528	0.764368534027897	0.800392383595043	0.827769500857607	0.781512068544105	0.249881298438831	0.542912146952366	0.602094630023063	0.731155566551538	0.862808043511666	0.824015380945583	0.817424767793684	0.803621659767264	0.772490222801802	0.464212090200404	0.714468199913351	0.761163850271298	0.813775875300117	0.736784794472182	0.783069062934304	0.740819776710194	0.664909071140653	0.746244784057688	0.536453075402491	0.052539295923456	0.08268269812259	0.367547992962468	0.542043183799383	0.538746221151497	0.55058216543097	0.543719440344654	0.501256328257765	0.537940095018903	0.544378117038382	0.520129338609677	0.548036778586818	0.555492140412685	0.540439695476747	0.553724105844388	0.538797700743566	0.519919417723461	0.517447802082079	0.384565175218375	0.523067270101517	0.547555264564072	0.546436421596035	0.564816523932062	0.560927105285789	0.545658277465318	0.524494097544922	0.528146978276484	0.308574554744048	0.453940492572744	0.516347503728759	0.527347147807624	0.550034879605557	0.54411038799514	0.572669134163658	0.594206097366739	0.594921153054846
rna_to_protein mean	0.688881500365639	3.23286781371955	2.46285587814679	1.26252301811293	0.683704326061489	0.839753396335473	0.737423256784572	0.745802872187973	0.747602322345209	0.857326164827971	0.722838785351465	0.760002634733758	0.685330061340935	0.710021277220044	0.695375916683012	0.645287982275561	0.684543305474764	0.652946551648373	0.557430627939841	1.30255619420739	0.954681202400377	0.727661317563674	0.816665192589109	0.682733653071926	0.636930817848886	0.532290246693325	0.462112736789243	0.364114653331132	0.991694474178819	0.678321097508615	0.682220759699382	0.645268148990674	0.671707317830738	0.737144010151739	0.659998390633279	0.700304570466496	0.736883839030977	0.294983375886671	1.90268445433244	1.35793989694936	0.595366648494258	0.292396768413627	0.301797330384218	0.315387731341127	0.303438537505796	0.385623881318	0.488966711205564	0.306132968600883	0.287190856720976	0.301651802990532	0.301759675617996	0.273241652814088	0.270930687832866	0.273405911495575	0.279321445564741	0.268392228310915	0.729166675709648	0.357620597008039	0.304081395009456	0.306579620950842	0.291020097584863	0.275077519132282	0.275875112118532	0.272390478354201	0.266212000282377	0.39513854146692	0.291058185550907	0.290981993693817	0.28619231079309	0.303497608469944	0.295378681538113	0.304085030301378	0.293246042553912	0.310878382958148	0.250892182102134	1.35400376837299	1.04564874065997	0.359953471226956	0.255560403258465	0.257216390884964	0.261424081234973	0.286668113266144	0.283609305391218	0.349536248143445	0.258499673129904	0.246136468766318	0.25598164388977	0.261337795348766	0.26339498032496	0.259983898037641	0.258134293835826	0.249884748977169	0.249132566738563	0.361176555311177	0.253456940471101	0.266119984005522	0.257374359896838	0.272652977865908	0.264422032793934	0.261101678041449	0.248650040408866	0.261884134028641	0.332148380538221	0.274663024132513	0.260977093789051	0.260379171769539	0.276242907718833	0.251142847883695	0.266894066395294	0.265874995692417	0.268322579965825
elong_rate mean	10.7188333390325	0.219543798335336	1.38180274495124	5.78134467817624	10.8001329230686	9.14153730692199	9.93836026193026	9.27530683829795	10.1025961705673	9.63680747429663	10.2093877796723	10.1448873270507	10.2038273524987	9.76316632912728	11.4077689240295	11.3694540263285	10.9313451193283	11.3028377221887	12.8210521063693	4.86081171699826	7.61738181845408	9.86134195066099	8.70201036083954	10.5186934153767	11.9556509521984	13.6727562791371	17.0791711125735	20.9845235533128	12.5218588970082	13.1179882520784	11.314095486339	11.4786258169127	9.99499500826457	9.45568942777908	9.13988358943103	7.18895801810832	5.29204089956005	17.024133430616	0.224404724930504	1.54726948482596	7.53164045071654	16.7694682475923	14.5683778434877	15.4207647022529	14.010684686166	10.8362450328258	12.3214364662117	14.7795792760941	15.8102936307379	15.4155725299855	15.7306793229246	16.984779363454	17.3726032941071	18.0083598710653	18.1478033886963	17.996442157178	5.19828658729686	11.6721475734449	13.2418009682697	15.0212174379605	17.8394122194538	18.180772126912	18.152730003801	18.2569474543983	18.2066211817083	16.9054344405801	18.1077538718106	16.7578651710202	17.5258747531636	15.3575716164483	16.1203615589942	14.6574201556484	13.6773130499895	13.9583378851705	14.0126144248597	0.23349059166974	1.43610298337915	9.92658889363114	13.9742086910816	13.9596728052789	13.9637102347585	13.5566946727535	12.9167795985328	10.7455384801452	13.9252227626449	13.9589088355043	14.0144574836387	14.034238239606	13.8499477469592	14.0170047300167	13.8549159411925	13.9824614254637	13.9971688112379	10.0377485106678	13.7437770521929	13.9544629475707	13.9493628847986	13.9862095073892	14.0236598297863	14.0130601132001	13.9405993927977	13.9171490385038	14.2772998482671	14.2244791274839	14.1068353042692	13.7339783288252	13.4783899376309	13.8744313910717	13.5215314592205	13.5978764167077	13.2191897212075
ribosome_output mean	0.195358321832713	0.001753344029233	0.011078927645801	0.071433850593015	0.183193504826322	0.154258462204738	0.169619726434784	0.142034789078037	0.125465260802907	0.062565173883246	0.173325508849571	0.16948825199621	0.176095561108153	0.173059002358752	0.208333708594814	0.204390913538397	0.197665117439251	0.200890419481779	0.247449311217224	0.064221512830928	0.112995452153444	0.159932086585531	0.144554715493876	0.188990798678426	0.211184870440583	0.270028657981403	0.38868166080928	0.496475435986885	0.115802205945808	0.188925850162077	0.179522733627904	0.197250351357752	0.180697947766235	0.173492814011852	0.191945689112223	0.163080742878558	0.144933238775901	0.342000729761255	0.002212734219581	0.015198431859302	0.116862450861945	0.345739538943767	0.286043240972583	0.310767775417886	0.251153324981196	0.140070849047646	0.055909747225333	0.298015691666129	0.310666764814062	0.304772311889965	0.312870736442776	0.319258278906006	0.326446926219225	0.345003092402371	0.345131965897934	0.330833176481798	0.083137736629517	0.224537642433396	0.256159910784474	0.306868846524393	0.360337474038946	0.351122429150388	0.345099632776486	0.331539572164577	0.304772748271216	0.172497652563326	0.301509417173305	0.325894324547726	0.347697022790856	0.314836196374157	0.332745655760804	0.310976557753926	0.284910759841305	0.315980142868822	0.231314090074257	0.002633335675988	0.015162910320645	0.144067705825889	0.225570553848672	0.228058004803355	0.237134325643347	0.205966083284042	0.13225543272817	0.045354690811236	0.232898603612752	0.220797534972955	0.231988547932282	0.236752421946012	0.226573446040863	0.232607366699144	0.225694413168562	0.216922466655613	0.218175426228199	0.164567072014667	0.233351310470246	0.233170595385703	0.231365335526509	0.232176099133607	0.234292515032391	0.221106563137639	0.208812509364936	0.190798407795287	0.114152917715635	0.187687788861701	0.213069198165666	0.220037582625798	0.231079306372187	0.233366882142572	0.251856001793885	0.253280119591898	0.260812601124622
aa_output mean	0.202131540304289	0.015082644260973	0.023794081852517	0.082196102928078	0.190243167293777	0.16098307980676	0.178395663349864	0.163337977207836	0.177538700765431	0.257625147672	0.178014180544514	0.174562108834852	0.181358948638668	0.180074093205314	0.216586185430156	0.212545557848162	0.207799389140659	0.212761208317363	0.267274786000609	0.067427196199572	0.117970150231729	0.166370104659444	0.153910189958265	0.19894828968603	0.219347515156283	0.278780895409128	0.400310199948172	0.512058813082407	0.127552790495409	0.19718001221881	0.187153831305877	0.205153606530008	0.187369981139822	0.180050983220769	0.198619838570374	0.169890370416055	0.150907921081338	0.350525610973764	0.01680555651648	0.02960770015017	0.131865853361829	0.35465341859228	0.292614100855091	0.320769482171323	0.275936100202217	0.223712507499552	0.298924701823786	0.303247032335865	0.31745151549714	0.312086308752078	0.319880664071142	0.329410494565639	0.337580267433219	0.357949073119344	0.360492605829331	0.348972983183579	0.087052995810796	0.231226643711001	0.2623831389074	0.314116455677694	0.370419606380821	0.362854740557385	0.36141332993911	0.354756126178289	0.341954113665224	0.189609105334184	0.312673569485219	0.334627229159906	0.356422525162887	0.322560839408348	0.341010511053956	0.318572014432187	0.29158361862455	0.325040367740004	0.246334354582733	0.017803495053793	0.03041899358647	0.162250255301234	0.243252235599743	0.244112986229296	0.251760202313842	0.239212362324498	0.217287228929488	0.278197034997057	0.244848020017969	0.235688068994355	0.246601526582742	0.251816103065733	0.244652213126889	0.251002313937187	0.246103286570409	0.238051491229762	0.241571340644226	0.168681478991311	0.241435992493035	0.246239334250908	0.245044436192615	0.250482167032886	0.252569547475923	0.244925242293796	0.24064003847088	0.232791868950985	0.135671187916512	0.205853248042363	0.231005232374364	0.239022169939941	0.247189246947306	0.24772374174385	0.265743385235397	0.266158391574968	0.272010734499754
ribosome_capacity mean	0.48398071682317	0.194543112674052	0.229941596470547	0.327597216196618	0.454109247115395	0.441818110818455	0.455798488546619	0.408674475849694	0.331975077773994	0.171932363163949	0.45348739101808	0.445508906402987	0.46122900864529	0.4652933253675	0.484574372383237	0.477140283732141	0.471305393111406	0.473076000159697	0.510745347059787	0.348947360608606	0.395484681493187	0.43131558626881	0.436095284385318	0.473201889936037	0.47032747187505	0.524866557469712	0.595702059839762	0.61411077746177	0.224702450365955	0.37692531108426	0.417588614826703	0.456150152490852	0.47704058910354	0.487984526037336	0.563091112761059	0.606132846099865	0.74229394136439	0.529254483528323	0.240797239724469	0.281967664462477	0.416872036220137	0.54312195843559	0.525285902162844	0.534243128912685	0.476674979682062	0.344606582231387	0.118997229502161	0.534615295422914	0.523508791976562	0.521875697087869	0.525768676864183	0.494832158535674	0.493493829221166	0.50202093917849	0.497395442458255	0.481620464462383	0.428122163808987	0.514502732813938	0.516216501974865	0.540484390287794	0.5292235866626	0.505420959987787	0.497694122927163	0.474929218970237	0.437817381100193	0.264917243951973	0.435948624070829	0.51240574486017	0.520144776086243	0.54409893535252	0.545277925461076	0.564537754429663	0.560888737072857	0.603875136183562	0.438898813667374	0.276895070017479	0.301944421955602	0.391639084211723	0.429122362910767	0.434362182718341	0.451375453558802	0.404166889745405	0.272970931454522	0.111098413748705	0.444812648132631	0.420650389808155	0.440077873950344	0.448387894635182	0.434648461710592	0.440986873310562	0.432945536326235	0.41242789720028	0.414413607126374	0.442736150206235	0.451348501187622	0.443927834211221	0.441028749654421	0.440915693015172	0.443954171083854	0.419379940403376	0.39836872675895	0.364591008380983	0.211721341375107	0.35060732805147	0.401483311560311	0.425777565783105	0.45511048979785	0.447307229756011	0.496618622116339	0.495838504140095	0.526006706975005
aa_capacity mean	17.2134014474863	8.13269125430461	8.9638606332103	13.2207108451802	17.3858758598398	16.3745607359214	16.8287315515855	15.3233448489258	12.6688842741552	7.15930856457391	17.0716241032162	16.9162792539024	17.1058220412277	16.7916387607186	17.5008922503169	17.7256487592135	17.1806924553384	17.2714666379224	18.7172817854632	6.78256401389705	11.5610887459264	15.3741187907281	15.5202979567276	18.326055018998	19.655577531765	23.2360167056639	29.7598937694342	40.2960226370141	17.2855111082109	18.8681679339112	17.3025280422119	17.8125925661147	17.1718346750497	16.972405972496	16.5884615598611	15.409032096606	13.9645106755793	23.5992641598211	9.7982501191106	11.1703508770209	18.1799877518564	24.9793560734275	23.1919703905997	22.7727337767749	21.0345187607653	15.1286944122962	6.61457595259518	23.4789219292956	23.7445310398345	23.6927746075138	23.2781323643906	23.5082044708226	23.7336970446339	23.8843646182463	23.9099470060118	23.8719565998098	8.78369987006216	17.1130881113007	20.5102693670873	22.6283401262259	25.2387251172758	26.3180085367059	29.2759741957542	34.7068336558171	44.5800983009278	23.6739742786512	24.4938287571994	24.4135159002777	24.3952249350653	23.9612044252575	24.1118558902211	22.5201834060517	21.7691187754638	20.9531866345028	24.6275496069916	11.8299565506234	12.2105393455297	21.6106207518785	24.3148636484481	23.7253177763958	24.3635112002722	21.9603489943695	15.5433733792848	6.30877575376336	24.8647709403508	24.7780655177965	24.028839665513	24.6878551447818	24.5445484278169	24.6435439518395	23.917871884843	23.5976780511123	23.5706473201494	12.244494120138	18.4302214788873	22.4805142683476	22.9706290905307	25.2290999250721	26.7514041290082	29.0318624021497	34.0531854663349	41.6313417557322	23.8727593196674	24.8072945935063	24.0571379575683	24.420816435808	24.0916564703146	24.0501988679248	23.8228023422442	22.7178442022082	22.7378753440028
fraction_charged mean	0.936290061226631	0.949585328419994	0.948894945873434	0.941909970242934	0.937290502659684	0.941297544769973	0.940779092436156	0.941944634352781	0.940638441256033	0.936417656837787	0.93729195778414	0.939053281725008	0.93768481976395	0.93878807723546	0.937556184599169	0.937255292739703	0.937486772438142	0.93738847655584	0.935139569063261	0.942418520564765	0.941559369551811	0.939683505513268	0.94077901339938	0.937667112314141	0.936262621514844	0.932517745627221	0.925350425040255	0.942204392774457	0.944109334149526	0.938649176758189	0.939299543010681	0.938331310854428	0.938204549910378	0.939204238379168	0.936427981687918	0.936549808106307	0.935627783796871	0.941902162506727	0.94951724517821	0.948414423800709	0.93752762624203	0.936049326115942	0.937426077347805	0.930245127573482	0.930892522931975	0.935780032649176	0.933747455274728	0.927188519006488	0.937562944770842	0.934982726333557	0.937076961324503	0.952448142656717	0.95178330683266	0.963499455466678	0.965389267857385	0.965339615780824	0.942888939492628	0.93342222671935	0.935409556443021	0.930396443793436	0.954670820801451	0.968104619925003	0.966383815687411	0.973878185810134	0.975951027879223	0.96061821188415	0.96433618837131	0.946889326049401	0.951176067186362	0.942062691718092	0.933386465507759	0.925327402958456	0.925627208669358	0.911706692180249	0.980716307377527	0.949477483126228	0.948271262025236	0.934657213797731	0.979686112282556	0.979001938405148	0.976761395874435	0.973290903573594	0.967689585927202	0.946943769947763	0.977794840099992	0.980677110868579	0.980426269861355	0.981437681053388	0.980137655269649	0.980687990303008	0.979568381053945	0.982128032385765	0.982522648615396	0.937091060478976	0.972852262342991	0.978028860956935	0.978834132495569	0.980053022304372	0.979903473581581	0.981970457575698	0.982137934149703	0.983505715245072	0.981462921199601	0.985106844953473	0.983037207247182	0.978640022772752	0.975929272076455	0.978186854310598	0.969799162661789	0.96946140644814	0.961547660615472
ribosome_saturation mean	0.487219697228748	0.009979263560697	0.062809215679602	0.262788394462556	0.490915132866756	0.415524423041909	0.451743648269557	0.421604856286271	0.459208916843967	0.438036703377119	0.464063080894194	0.461131242138667	0.463810334204484	0.443780287687604	0.518534951092249	0.516793364833113	0.49687932360583	0.513765351008577	0.582775095744059	0.220945987136285	0.346244628111549	0.448242815939136	0.395545925492706	0.478122427971669	0.543438679645382	0.621488921778961	0.77632595966243	0.953841979696038	0.569175404409464	0.596272193276292	0.514277067560864	0.521755718950578	0.454317954921117	0.429804064899049	0.415449254065047	0.326770819004923	0.240547313616366	0.773824246846181	0.010200214769568	0.070330431128453	0.342347293214388	0.762248556708741	0.662198992885805	0.700943850102403	0.636849303916635	0.492556592401173	0.560065293918711	0.671799058004279	0.718649710488086	0.700707842272068	0.715030878314756	0.772035425611543	0.789663786095777	0.81856181232115	0.824900154031648	0.818020098053543	0.236285753968039	0.530552162429313	0.601900044012257	0.682782610816386	0.810882373611538	0.826398733041454	0.825124091081863	0.829861247927196	0.82757369007765	0.768428838208184	0.823079721445934	0.761721144137281	0.796630670598346	0.698071437111285	0.732743707227011	0.666246370711291	0.621696047726796	0.634469903871387	0.636937019311803	0.010613208712261	0.065277408335416	0.451208586074143	0.63519130414007	0.634530582058132	0.634714101579933	0.616213394216067	0.587126345387855	0.488433567279328	0.632964671029313	0.634495856159285	0.63702079471085	0.637919919982091	0.629543079407236	0.637136578637122	0.629768906417842	0.635566428430167	0.636234945965358	0.456261295939444	0.624717138736039	0.634293770344121	0.63406194930903	0.635736795790416	0.637439083172103	0.63695727787273	0.633663608763532	0.632597683568355	0.64896817492123	0.646567233067451	0.641219786557692	0.624271742219325	0.612654088074133	0.630655972321443	0.614615066328205	0.61808529166853	0.600872260054886
aa_saturation mean	0.39504855475192	0.241712062600345	0.260823025094227	0.348355439055273	0.383393589393341	0.397023220273795	0.41984449479189	0.450091651956892	0.487486948731632	0.515307393805183	0.373440116324257	0.37400356616111	0.377699894908064	0.377000478527789	0.407627328436237	0.401710082277685	0.409308926296328	0.410634575424937	0.433255812189801	0.382613544968995	0.392708810006555	0.395077422809832	0.397856661213208	0.389705438301552	0.395581532286413	0.39170403243555	0.392006499339838	0.392969946581788	0.417318093010282	0.404364798529732	0.396554091512362	0.398967721756228	0.384700474398241	0.388258544210402	0.380808354675289	0.364558358458457	0.348901228255574	0.397350549956095	0.239217228520867	0.26184808813242	0.349126224700183	0.386081526585493	0.38575081637893	0.423058949375596	0.445839336168733	0.46947014084916	0.509824475697475	0.364664878359334	0.377456588879915	0.385030695725858	0.390843778881154	0.393127198996191	0.404396905070834	0.422291516285765	0.427058193136525	0.422041856009544	0.377674406322739	0.402018654971963	0.379659544296664	0.389818121504368	0.398328542976497	0.401196831308139	0.389036415094805	0.367128590352384	0.344583814228772	0.412655700275832	0.412992781470507	0.396679822095115	0.401278614271192	0.385383762054071	0.387595519653059	0.379086148463093	0.360170733591113	0.377014078983197	0.372832266376294	0.242427674095854	0.260085915913644	0.332490250682387	0.361935344078352	0.389815516934749	0.412141078884059	0.455684429181384	0.480029676297167	0.506442015722689	0.357937575935397	0.348471670628506	0.365618632706789	0.366909372573584	0.379617145882856	0.388207318186618	0.381865771023112	0.384862334150152	0.400151631292552	0.413048647214421	0.388906739099249	0.387571278357643	0.373593266603392	0.371708646696928	0.377540186084363	0.357660981856864	0.352303923074156	0.326728574323013	0.388931579492054	0.389956588247354	0.380755478649877	0.384061871505924	0.374699782387687	0.367900927850424	0.369969834176231	0.37324161549719	0.352373013974362
aa_conc mean	38.5009003991692	325.373421156986	260.619890732031	118.656967870042	43.3622896616385	44.2910995918484	52.3063020274629	151.45393055001	345.284822122472	1129.38415166175	27.6864201179624	30.7363582076274	32.77460933978	42.0868229799758	43.332261877201	43.8572533193569	64.2355386765879	60.1938703429733	84.2732345010382	34.6591785398846	37.5337185615744	42.0240009108688	47.926309056984	41.0579814634054	42.1316284989349	38.4227094675259	37.7019052522202	52.373693308104	78.9689686165478	41.5882999787946	44.6879418340113	43.9871215480457	42.3533523015689	39.6515874078632	38.2478387464512	44.0219803842036	42.1884995191203	37.0167259847588	411.433673545491	330.360207952913	151.643927202068	38.925408617678	34.2418157962846	46.6499643704928	142.114686292393	498.121368732367	1278.35230644411	25.1061799031067	32.9159755894956	37.9804247612774	34.0856103420274	45.7375339924644	48.936265126965	58.4222776563306	72.1475748758865	78.1184342091524	48.3198465474813	43.5636369629484	37.7703984369756	34.8899551100414	41.2788524920042	50.66278747602	65.3891155004892	97.1991044160203	161.470842452294	116.470579183221	53.6787985091491	38.8446043009029	38.6113223418722	36.377693211038	35.8029774372662	34.5789079699571	35.0719174506174	41.5897436722616	83.3387584309504	468.292011505853	384.750906126706	168.838579488619	102.03135739313	96.6547778201322	85.8241281830965	196.816085557261	538.249302998515	1273.56184518661	68.665640063797	89.1350189040304	80.3215741240653	85.4068359488772	105.352434892973	106.492514323517	122.463703966385	131.10172373441	148.882681200678	34.896620425268	49.5127121043682	76.9056803162652	79.7882895991744	100.361145677472	102.623467952387	135.555719502735	191.449600052161	257.574343138037	214.380093726193	126.409399404018	111.794532253375	110.357025603263	92.5692118981443	83.0533393999256	76.0999812388129	68.4539413319322	60.3342472809965
excess_rna mean	0.703962684397655	4.68299844057893	3.76392652047071	2.00282396721463	0.790853719873394	1.01815320506034	0.793906075083606	0.861061346991648	0.85254384193275	0.989025948338192	0.84017397933167	0.905291086588744	0.752116764443033	0.767798722763183	0.699045888571791	0.663021719802478	0.713449952195987	0.657433048974828	0.44766384075194	1.95594849198304	1.31433785737855	0.90713832134246	0.975854255387075	0.72431498838026	0.660666757218378	0.394653012562995	0.191185067028261	0.035687626826409	2.35732574097969	0.971200342512727	0.86887113014299	0.691240725079202	0.702343964856909	0.778444131925035	0.508008351485823	0.492203578270847	0.348069415804895	0.019600006011058	2.55969882135258	1.94561052934189	0.661804661423959	0.012049015189604	0.040239705387775	0.040982749247899	0.046496668478077	0.164354365994735	0.440657671227622	0.041248839930679	0.018644614284792	0.046466611367887	0.04086637971941	0.017095965851918	0.018238840290616	0.017021096196453	0.019786470118331	0.021068705574116	0.902400920928557	0.148679170978402	0.051651932163512	0.030785469722736	0.01102781293011	0.012829689128944	0.016605384989328	0.022902190167404	0.03101727414434	0.698312970060836	0.104423224793139	0.030111485045742	0.015539084168359	0.028216944718228	0.017111225811711	0.016959087208696	0.02143765299112	0.023939397012026	0.035343275831336	1.68950240331783	1.35105435773904	0.306535898866774	0.043945102455515	0.046244203008184	0.040505236308188	0.084387249240884	0.096743087714817	0.204742473345449	0.043551460740305	0.043062451456963	0.041022698105321	0.042131103902457	0.053298838148542	0.036749431374452	0.0432477087991	0.047810544656549	0.048241260673437	0.292665812465359	0.041656014857502	0.061460081982631	0.038231181639414	0.06170396463004	0.042974328773217	0.055276660692089	0.038800277923425	0.07633661500339	0.712709043903076	0.203056677234991	0.085429593679855	0.053837843126335	0.066105134480745	0.027411565482102	0.025805882847471	0.028960023198756	0.031335357699863
excess_protein mean	0.131311090096557	0.029928302318767	0.062991551150777	0.14456872807264	0.149353043315959	0.14259426249472	0.139899262301267	0.140196501567021	0.14276849184205	0.129250560313545	0.140346081054878	0.149814310509413	0.131585847339304	0.134298176455809	0.127297102349067	0.136796803705296	0.132944061045248	0.138033773383374	0.125615061819364	0.130580687378021	0.142579684334091	0.15619666577637	0.139565904653777	0.138696421875009	0.138086341013007	0.123561238213641	0.108975734927323	0.108971135401699	0.141283888064673	0.135095721299896	0.138354420002614	0.131149816578517	0.143801859044141	0.149806244243332	0.132620331252238	0.139840370433263	0.141035372532979	0.087147155097698	0.029102048714591	0.061055971743337	0.074509250701374	0.087898148529772	0.085064282689233	0.086014943990553	0.091088137273911	0.075023597130054	0.126167521961193	0.080465083417029	0.093665172647575	0.086046596582019	0.089100251041828	0.111892205900136	0.115536286440777	0.113673107050536	0.118818441952223	0.12902207252449	0.075324918268438	0.072524073836291	0.081851814151421	0.077682851642801	0.098231069653069	0.114432719057088	0.108661213106943	0.128692261020594	0.145481723671723	0.079677466231402	0.066922357024238	0.075063424120851	0.091589714556321	0.097609727575899	0.118136597106427	0.136466888096355	0.198113603542399	0.284610977426805	0.147105241334087	0.032723783527519	0.059312003525818	0.121133141064003	0.13935114538353	0.146197779985239	0.140425916576842	0.13145221431593	0.146348617635369	0.144500501145665	0.135715278141968	0.156734937986782	0.142001978304617	0.141173733651378	0.143665181813596	0.137536822560772	0.142957836200287	0.157071941330645	0.154070334714455	0.122198193768039	0.136825300865722	0.137755070155872	0.137568313434273	0.133820216883047	0.133218868629834	0.142690391884857	0.152368142099088	0.155958492832427	0.124019162881501	0.11865305878679	0.129395819719127	0.131325520605321	0.137854814206785	0.167220009535429	0.178269814904613	0.2473208745628	0.37187662238649
rrna_synth_fraction mean	0.64381614130218	0.888795313895074	0.865535211569939	0.777120857843584	0.656286398920561	0.68341843581355	0.659249298991993	0.668642199088773	0.666561705992752	0.680863757942406	0.665266074945617	0.673414420829361	0.655154131583011	0.652139351996445	0.64767442662254	0.635940767196726	0.642445955453762	0.635445054746417	0.596560351568495	0.787831886240164	0.728997560759962	0.672213895354451	0.683130161154998	0.647274327533673	0.631658691369741	0.579883347157818	0.520265228709268	0.452437094487039	0.778293453588685	0.680637543766588	0.665851936084463	0.642627912075706	0.64106942318915	0.64949435737029	0.612687987309856	0.606111115466839	0.574945857666963	0.468721828156338	0.839106594649206	0.802005191670682	0.655143026214399	0.464534236241989	0.479422196301991	0.480805509142219	0.479250880984647	0.527719194820083	0.573606884110885	0.479758707610732	0.465349215987343	0.479538620219321	0.477115005583119	0.455907750841724	0.45483714446711	0.455970982913845	0.455157610392598	0.451257284879113	0.706768941009493	0.535457956411439	0.488687039908018	0.479575833931788	0.458576239801902	0.450012755158807	0.449588728601954	0.434976706150589	0.414647337797428	0.633990436577379	0.504246411909281	0.476550791147073	0.463823003098084	0.469251051030396	0.45650407903198	0.451809177920977	0.432008807079801	0.407542927632859	0.446708748935716	0.791653050241812	0.754807978866702	0.549409944094825	0.451681994721571	0.452400044538707	0.452656558154342	0.473031742987122	0.467963611428338	0.499490592431247	0.453836315910636	0.443907945385761	0.450742333427463	0.451803049834259	0.454957204984743	0.451108170813273	0.451200169071506	0.447430271923802	0.449416115484486	0.56658135301772	0.463517001562363	0.4644330405201	0.453584632528003	0.461097232747694	0.451829743149153	0.44780382404371	0.427044192951601	0.422424595007937	0.611056009856658	0.510116767603432	0.470758661359891	0.458348306401005	0.464609690168874	0.438038867954133	0.436216721721409	0.416329206789711	0.382284185065861
rprotein_synth_fraction mean	0.315899885511435	0.095159833238587	0.116530891512673	0.197533081773054	0.303543867378207	0.281318062185476	0.303042001190222	0.294099106568126	0.294121291244895	0.273021549736143	0.295652955096643	0.289165142044008	0.304970717174659	0.30751701171406	0.312255135891594	0.322151854961165	0.316595801697393	0.322692590110766	0.356236460173473	0.198623841221064	0.246731858181928	0.293051897496175	0.282378697864347	0.310841023788033	0.32149687064887	0.362402952267391	0.403178409914337	0.44083177656198	0.179281975012708	0.273965401815125	0.292762849871895	0.314489887183321	0.318562194628556	0.313479997956865	0.349423585437996	0.359167562327946	0.394793170654896	0.450472956876856	0.137399742471763	0.170783492775463	0.295763486910519	0.453472331077607	0.443010406374477	0.444314638728225	0.442978818188919	0.399252158076444	0.344349935905855	0.440062435125007	0.452977026861745	0.441199554774944	0.44482053903611	0.459944320983511	0.461345421016042	0.46184807731514	0.462901686704406	0.465840027584912	0.271366550231242	0.409867464495737	0.441505183523029	0.444883994955058	0.456620185418409	0.459946622063774	0.451781498692941	0.447709017055638	0.432832913904286	0.277147559832513	0.406920352940585	0.44025139682469	0.45291330736637	0.452782218377532	0.465707767628242	0.475715921929642	0.496433912701242	0.527890605977662	0.464270784036764	0.177557268939961	0.210245101656876	0.376602023201742	0.457046018835381	0.460933638609737	0.461033466115526	0.443051852536692	0.440798722792821	0.403579173658875	0.457112456935161	0.462652751448718	0.460434944498669	0.459979519837581	0.456920091589598	0.460291026366949	0.459952565309898	0.463411816254265	0.462219618007719	0.393844600079906	0.468613190020686	0.455659793081608	0.461727926125865	0.449133378526691	0.45290164705368	0.447197200537044	0.444899200718809	0.417744652276427	0.284073212104127	0.394032406595622	0.438138712790471	0.450315729659105	0.452797042650255	0.476339914568534	0.484266811265801	0.509886134697197	0.548852700730361
enzyme_synth_fraction mean	0.040283973186386	0.01604485286634	0.017933896917388	0.025346060383363	0.040169733701232	0.035263502000974	0.037708699817785	0.037258694343101	0.039317002762354	0.046114692321451	0.039080969957741	0.037420437126631	0.039875151242331	0.040343636289496	0.040070437485866	0.041907377842108	0.040958242848844	0.041862355142817	0.047203188258032	0.013544272538772	0.02427058105811	0.034734207149375	0.034491140980654	0.041884648678293	0.046844437981389	0.057713700574791	0.076556361376395	0.10673112895098	0.042424571398607	0.045397054418287	0.041385214043641	0.042882200740972	0.040368382182294	0.037025644672845	0.037888427252148	0.034721322205215	0.030260971678141	0.080805214966806	0.023493662879031	0.027211315553854	0.049093486875082	0.081993432680404	0.077567397323532	0.074879852129557	0.077770300826433	0.073028647103473	0.08204317998326	0.080178857264261	0.081673757150913	0.079261825005736	0.078064455380772	0.084147928174766	0.083817434516849	0.082180939771016	0.081940702902996	0.082902687535976	0.021864508759264	0.054674579092824	0.069807776568953	0.075540171113154	0.084803574779689	0.09004062277742	0.098629772705105	0.117314276793773	0.152519748298286	0.088862003590109	0.088833235150134	0.083197812028237	0.083263689535546	0.077966730592073	0.077788153339778	0.072474900149381	0.071557280218958	0.064566466389479	0.08902046702752	0.030789680818227	0.034946919476422	0.073988032703433	0.091271986443048	0.086666316851556	0.086309975730132	0.083916404476186	0.091237665778841	0.096930233909877	0.089051227154203	0.093439303165521	0.088822722073868	0.08821743032816	0.088122703425659	0.088600802819778	0.088847265618596	0.089157911821932	0.088364266507796	0.039574046902375	0.067869808416951	0.079907166398292	0.084687441346133	0.089769388725614	0.095268609797166	0.104998975419245	0.12805660632959	0.159830752715635	0.104870778039214	0.095850825800946	0.091102625849639	0.09133596393989	0.082593267180871	0.085621217477333	0.07951646701279	0.073784658513092	0.068863114203778
rprotein_protein_fraction mean	0.244560085318262	0.234744743823931	0.233535078205975	0.235049998952759	0.236117558695064	0.243171629462988	0.243949962602608	0.235966410962778	0.238191757571381	0.239934666822413	0.236476429225754	0.241361569377325	0.234235647661269	0.241791025142657	0.2445679355299	0.23738425867915	0.240430639938564	0.241645372753113	0.240165097868682	0.237704250008239	0.237666515073142	0.234243778593564	0.243611461040871	0.2418689703077	0.236334028723586	0.241566457975137	0.253708125507365	0.245316650385902	0.13730768701013	0.191738947096719	0.213330445743769	0.228318974953974	0.245534761543654	0.259084512654789	0.282723696635798	0.315687738709256	0.391566171109243	0.192312742478294	0.232276613466714	0.218871661286903	0.19566831375256	0.194660691484857	0.189695971679413	0.197663373962256	0.189842729011328	0.198443891341883	0.195750630586728	0.19171905285457	0.189722417466477	0.189742626737901	0.192214202102039	0.186860650162105	0.187095808935651	0.188330461563475	0.193152343319164	0.188055492426934	0.201911087224797	0.191532613115348	0.188087362769547	0.194119853779977	0.196839540985261	0.19112972973751	0.188895796154981	0.189945131401074	0.188160475973105	0.107866065915841	0.154377815532187	0.179986366936717	0.188945466155263	0.20131929717118	0.208416781097695	0.226402271479662	0.242886723378853	0.300407204133906	0.176584243552781	0.230658577009736	0.217098976060157	0.17436480054745	0.175141480729181	0.177612168653959	0.180090444944255	0.180615777084065	0.177325322469432	0.181784290624023	0.176654441130032	0.173419521593294	0.177432574087739	0.181203583291278	0.178495634119482	0.178918588764694	0.177870074626907	0.174389706970021	0.172993586044527	0.178556035116288	0.174455924360145	0.17771316586891	0.177209264467138	0.18049110934485	0.179290282224065	0.176446400207136	0.174094343748775	0.173623237087275	0.09673238776193	0.140115497858304	0.162924408966873	0.171801572253473	0.184723723446999	0.186931588724758	0.207313394853843	0.23400696081526	0.286717178249967
enzyme_protein_fraction mean	0.030954409916555	0.039095102853437	0.035402499621806	0.029955670867485	0.031094373868612	0.030131989057126	0.030138161950722	0.02961832956979	0.031645364662209	0.040332106768996	0.031018816189112	0.031014385308792	0.030427874346655	0.031473898630238	0.031038775663041	0.030674965479341	0.030841869406884	0.03110960767761	0.031628396001404	0.015920696986147	0.023207053502602	0.027590052039257	0.029427998595242	0.032426770176218	0.034264556657082	0.038428478636358	0.048063409433302	0.059201136058062	0.032183027807689	0.031533550343072	0.029826427869722	0.030906649494712	0.030973526065989	0.030400364898849	0.030444065790828	0.030306632570897	0.029587869789651	0.034492755020053	0.039659068704516	0.034831979921251	0.032403098155661	0.035174377660212	0.033086179170252	0.033235594666963	0.033250064155441	0.036292449314296	0.046592899629428	0.034858749021642	0.034121810836016	0.034023637969541	0.03372875204082	0.03411671032562	0.03396628450005	0.03347055838583	0.034174375710436	0.033422434752738	0.016197918623163	0.02549371700015	0.029718197437	0.032961146320592	0.036520645178567	0.03734889237943	0.041209946481492	0.049742990040003	0.066279155129441	0.034522227009648	0.033672361914113	0.03401188927053	0.034735062224261	0.034594422787196	0.034781100807439	0.034413989996955	0.034796637903982	0.036672536873882	0.033805915518267	0.040054656220711	0.035977392269647	0.034193440591587	0.034906910720672	0.033384827109623	0.033701531901334	0.034126648235596	0.036636305418618	0.043717150130394	0.034363287595463	0.034997756040602	0.034207434100707	0.034743547310284	0.034366286324044	0.034399917576022	0.034332565007277	0.033497170595531	0.03303384376636	0.0179085672944	0.025246041285725	0.031166190290746	0.032465860879513	0.036064900561427	0.037673908286932	0.041377287526619	0.050016993625879	0.066364894537672	0.035726581024377	0.03405329081576	0.033859594289756	0.034805078951303	0.033672768885175	0.033548284788459	0.033982947952678	0.033840510399152	0.035940994477789
ppgpp std	0.321324716126265	0.20415052862678	0.189818166309485	0.232621444852607	0.307030278774578	0.294462866193706	0.305626855213365	0.286827135921423	0.300972102337746	0.318019198242911	0.302691758840404	0.306296339184904	0.305963972316226	0.310765762832921	0.335527371338556	0.323468118469981	0.319511967135057	0.328073149869064	0.354678042713899	0.227418485658292	0.271079586018188	0.297752730742355	0.303005639943157	0.321634084900348	0.332196147106916	0.362741587671522	0.415052772005383	0.434599046213672	0.283793170931194	0.325774698212794	0.308013491175039	0.32117916439466	0.308427104801448	0.304923759748946	0.317597042416534	0.299362065341434	0.279843245356195	0.889735184687672	0.473072570611616	0.47305651012984	0.580946430157337	0.891333133968852	0.817218572562778	0.844979399894427	0.784172059490646	0.748095467402873	0.856149983010861	0.832117349066153	0.8412312254331	0.834209365075078	0.841184915738356	0.861492395817955	0.865888007651965	0.884787473612184	0.895597383905529	0.881908865046528	0.532024071014454	0.730670509564575	0.768532844615186	0.837153039701038	0.914187148900887	0.898951179035018	0.901314826035719	0.888450624782944	0.874866377937821	0.686316073928868	0.839417906416688	0.86799743724708	0.888766634723372	0.848685938327739	0.866611163547334	0.843490161772158	0.81957342541229	0.849012421652328	1.3205165358458	0.851505363382649	0.851529326340962	1.06870344907534	1.32479578761656	1.31874578232982	1.32651638226135	1.33578055026986	1.31055736513584	1.46189604624846	1.32982860486332	1.29226770589434	1.32915477239528	1.34193067449455	1.32615377432894	1.33434011784906	1.32054209011676	1.30316802719325	1.29208712082033	1.1026909693804	1.29520700552208	1.3279864373608	1.32470178448926	1.35324357365482	1.3477837575698	1.33415109387192	1.31276056509995	1.31199574277394	1.00167979430565	1.21285876918462	1.29407667972616	1.3190152348103	1.32944572243107	1.33004716609866	1.35708026169191	1.37850663784514	1.38041465809594
growth_rate std	0.135793440942651	0.086372643469207	0.083376580361624	0.099211241357246	0.093156077862101	0.152776292605732	0.108739237253009	0.160768724685342	0.157498683020803	0.306626748294498	0.104315149463877	0.125250175720923	0.115661382746036	0.178847934750909	0.143025855767137	0.30441424496619	0.309519469292284	0.147012437056915	0.139275883443602	0.10354882782153	0.106407417943319	0.130437519351203	0.142667398234052	0.158662733199945	0.11429153919752	0.113342810566055	0.100044569226265	0.166078099230725	0.190929954096752	0.144275049533035	0.165415361692272	0.136814315593373	0.168209851872254	0.150464740496539	0.098890343683453	0.134671321088039	0.145869967477386	0.092053423310613	0.060098880841513	0.06755899599937	0.09549569637833	0.102073486284329	0.115666440584546	0.102078547563083	0.112827501148152	0.137185272454117	0.207154898231021	0.098043654613891	0.105901934866002	0.151663530903328	0.117868028028134	0.103470770644103	0.088099653284772	0.15582465420799	0.11581399547798	0.116210070516365	0.112667189429413	0.108184488276595	0.147515010815365	0.175324902586523	0.103349260604456	0.111036418316052	0.071264130817283	0.063734885424022	0.058117108642754	0.131956728736901	0.082963185111383	0.091166460309523	0.092396801106071	0.10519989787992	0.093990010843053	0.201248882740645	0.150002453118623	0.108430503818921	0.067858714390422	0.054637375260778	0.064646999720467	0.068062022223234	0.074838983236684	0.099205529105389	0.07526492173187	0.088269824461966	0.104888574261374	0.194151677399357	0.072241584301306	0.214078796528104	0.073881058436104	0.064282304300545	0.078773690317228	0.312005026338008	0.064991140524964	0.317248074059091	0.095358723727203	0.076049701897216	0.091421548284053	0.306243800355472	0.1020120284315	0.072957721841909	0.079501543493175	0.092531957639191	0.06709356398992	0.071105035531212	0.049592025588376	0.145011812071981	0.298735169395903	0.067495081902892	0.300353923916717	0.080221880297703	0.083434810166691	0.076033673544492	0.075244945597322
rna_to_protein std	0.156973716246652	1.63615110895912	0.937959841682651	0.394020722703919	0.105091405486091	0.294213057170497	0.16302656051921	0.162177415606119	0.145772679268601	0.215422721404383	0.150563938934248	0.146158796842349	0.131807480701219	0.174902457081979	0.137444665386395	0.139124675540639	0.18128948613035	0.124432316038209	0.094599642395273	0.419303023390513	0.224699143886871	0.140409806885139	0.223572500090679	0.116059446131127	0.119735151847175	0.065825112588709	0.060326102994235	0.026692553787314	0.377199259150196	0.13934724106231	0.176150651924833	0.126319828037654	0.138897758314414	0.204518197449429	0.11299445996925	0.142492589228898	0.148346800052953	0.031412807598256	0.495735632638176	0.264428969571997	0.115470301766325	0.012795656084271	0.04353920801914	0.033543167988869	0.032293025897926	0.047328247782027	0.089647319332039	0.028858992547703	0.034855439892697	0.036564182549667	0.03178035702558	0.02835301280123	0.012931143478476	0.024111119656914	0.019194641502976	0.017845776198052	0.206342644661011	0.038055373412234	0.038276840942378	0.02483862181411	0.019796274250464	0.02220027406856	0.015628597318763	0.013834780101546	0.011149511014629	0.065251127761841	0.02518553380752	0.022266542700768	0.019761179784829	0.033832192332429	0.021933913094996	0.021606751335749	0.043768602378702	0.035611215959882	0.016141348883461	0.260773671508442	0.230837141705113	0.051063153488246	0.021939862639971	0.018095836498455	0.018143708524425	0.029384699425791	0.016579015956002	0.042129373178542	0.018712675338086	0.022294102386621	0.014179824814634	0.012862556221162	0.02619580634309	0.013300428427243	0.017511639446718	0.026761579381881	0.022316739798273	0.038411628845879	0.0165823454726	0.013699493429354	0.019143291556498	0.015140739721278	0.011413236422123	0.016496224359006	0.016692924660521	0.022731748919828	0.021761290271362	0.025470508826504	0.013822375256644	0.019880299120467	0.022405037980973	0.022732041227575	0.021876688483595	0.015584341512075	0.01409267977837
elong_rate std	1.82589831097963	0.039038415562797	0.086131588611701	1.44111598389251	1.59218290076731	2.63859069978161	1.67207649786217	1.99475876254735	1.87447443556962	2.39570997519503	1.36882694798519	2.14871380888351	1.24348217020099	2.97072789638146	2.22993538672049	1.6757228572043	3.11750595159414	1.89640559942146	1.88522269392607	1.39425427852207	1.64830184554567	1.47740200520683	3.0822227620663	3.04592575525031	1.61545590298741	1.5880989445167	1.38485158755832	1.05582283573566	5.88629894934386	2.81354745322947	2.88622545092477	2.23112544809489	2.66317122678363	1.97450929524457	1.2073585417522	1.3208471604549	1.02724988569789	1.46237238158956	0.039370650054648	0.245355893853029	1.89583369888281	1.43121374100992	2.51970210115705	1.59390527521316	1.93491450253145	2.91462530039271	3.11610353129912	2.1058849400724	2.0241233095851	3.08840557186362	2.19087283615721	2.20490502586983	1.32393911839675	0.902278934869714	0.539539444299512	0.840042572905738	1.7394338626796	2.4963747617155	3.25930031900049	2.20964586873925	1.19362797230778	0.528516665169389	0.587778389999313	0.343176571591867	0.330350082250276	3.75680986012249	1.19543047685167	1.94856136126424	1.50437306938152	2.74800945582905	1.74444204782708	2.26558900494343	2.75162187128602	1.96434249631806	0.228659730197733	0.080277550234886	0.332528391474716	1.6502523979599	0.248603103380242	0.524893813783274	0.431781738222577	1.69537279271234	1.3159622284047	1.52051341417585	0.569868478199644	0.345323376467392	0.21981272473439	0.233603722063279	1.16680177042888	0.275941487760518	0.833066104176213	0.236964626920242	0.242674250774715	1.70629486946053	1.26345533816095	0.562234460643222	0.428815720987323	0.498758921120102	0.288620776749591	0.232548517681675	0.223430687780976	0.229834753232759	0.917419015562807	0.533914684049911	0.232295572942114	1.29363931568113	2.21800177625265	0.365082348579743	1.48643894842499	0.241174104643952	0.437561464580724
ribosome_output std	0.050295199401133	0.000446829717573	0.002710953415836	0.024964522799128	0.034815640947775	0.057209685172693	0.038128354921926	0.039520728458861	0.029640173864454	0.019863156787154	0.034285413488014	0.045689949249199	0.031501977726363	0.065701443598468	0.051368020847852	0.044334877639301	0.072269956017477	0.046129217189895	0.049953432410475	0.026568448546842	0.03738878958896	0.038182993543148	0.05824043938371	0.060129384585641	0.041359393147209	0.037300097330741	0.041433283517245	0.04703142601727	0.072208340934001	0.054787288209139	0.058107768260669	0.049771942318221	0.059214516828141	0.048012461647931	0.034222114873453	0.043520521061675	0.036553337710084	0.029379876117037	0.000354063660722	0.002687258858557	0.036197795909527	0.025902379091231	0.040373388023755	0.031695941638767	0.040306343879585	0.043176029830143	0.019743833424272	0.043330964108906	0.029878802061701	0.0635707258492	0.04335379510837	0.04450391523098	0.026273102269658	0.030911458666691	0.022848979175153	0.021816205839349	0.033278287320614	0.049549615199082	0.063101119300569	0.046946030448847	0.029209180268365	0.021614257437616	0.02121950917398	0.015030918533615	0.016591574723653	0.044393470680786	0.022984468032235	0.037492945772189	0.036155705197769	0.051255297615242	0.03065004348098	0.042433442877046	0.05096787765198	0.03641691770433	0.017426717840343	0.000698927863883	0.00367621835566	0.027175934006076	0.017716143239399	0.017883803495758	0.018691741475779	0.029966486446444	0.020008146739582	0.017750725391424	0.019016279631037	0.015578364574404	0.015796204453411	0.013701977879087	0.024900596771447	0.013880984725665	0.018418685244046	0.01831499659477	0.016011088344642	0.027461342591916	0.02585653799989	0.015026963885471	0.01557366424141	0.018496574293645	0.014864116582422	0.017991999322485	0.017667389276494	0.015483193210158	0.0181087380881	0.017983828107261	0.017195962322547	0.027643150674232	0.043564031065591	0.020638807773392	0.030272624827173	0.01398985974079	0.016837517237122
aa_output std	0.050244437490181	0.005273885483483	0.006946571312241	0.026606158516116	0.034989584256806	0.055901087215673	0.036996688923636	0.038994153070756	0.030470765805273	0.064203338650035	0.033342768275121	0.045357786572131	0.031358263479384	0.064193183014667	0.051096413672044	0.04455147753902	0.071785313784404	0.04686573481603	0.052389756604197	0.026876074007287	0.037083187488225	0.03892689339011	0.054251389872845	0.051637688681386	0.041173619891433	0.037431636722863	0.041705860613584	0.04722150102116	0.070595258912489	0.053227655414107	0.057689528817863	0.049682685895814	0.059103576617283	0.048366972468569	0.034519498193411	0.043810826488928	0.036672259782417	0.028223006044213	0.003484767450707	0.004303738760127	0.037266279209426	0.02521671966135	0.039974008220543	0.030307957913972	0.035322086848844	0.053442743159157	0.066584397769206	0.042313109880068	0.030180905804115	0.062252557465838	0.044224632060965	0.042578907614938	0.027887790074902	0.032522862676265	0.028799214395794	0.025723929575778	0.031901535845634	0.047608098734843	0.061932404912992	0.047265775391623	0.027848664903723	0.022527776955246	0.021134892402101	0.015362820891149	0.017610775888668	0.043698341613957	0.02241040888266	0.036980651157271	0.035518958200038	0.05214664033541	0.030755317624521	0.042656103326435	0.05175672006908	0.036194424623538	0.016071535038283	0.002895168717037	0.00519622494085	0.026815661266882	0.017656846151059	0.019244393368564	0.01767679582437	0.025757764978424	0.025575165847486	0.050912696724448	0.018609496813062	0.015189865229049	0.014364704865024	0.013288606511185	0.024363555821196	0.015558571283537	0.019932042065248	0.02095166031446	0.025316835584152	0.02703186614466	0.025130721834369	0.015671509548775	0.016681822150352	0.017784457085585	0.014302727307752	0.018351827056064	0.018998485184068	0.018823014901028	0.017536009430956	0.018149357091012	0.018069221066762	0.026733040970958	0.041080483378407	0.021447141056739	0.02944976445416	0.014812351610815	0.01682053814687
ribosome_capacity std	0.053735949969991	0.05008119160746	0.051859787128635	0.057402986122559	0.046454370874199	0.060101963144799	0.042899712671294	0.043808697545655	0.031634178623937	0.021621665573213	0.041704774695614	0.038682685776401	0.037450239619378	0.058772624765165	0.03662938510423	0.043528284736972	0.062818930052894	0.050209794201913	0.03912148701708	0.056278431977702	0.057908715352649	0.052208922214404	0.058008519054868	0.042951316047872	0.053104397352278	0.035967424905655	0.030578159387411	0.049102968290815	0.044152247334852	0.036581370273319	0.046179846496445	0.044917921576318	0.050162328343105	0.051622440539667	0.042055431009986	0.066341379963146	0.056601991129822	0.03782357316878	0.040320305981932	0.038994187731595	0.042747429473177	0.022981185805967	0.039919866809298	0.040888328079207	0.038419204288041	0.032062721969376	0.025258907441878	0.02431349917514	0.053313907801799	0.033236966548219	0.015828722092232	0.043205648539487	0.021961822372873	0.040694538285053	0.030154498213078	0.029597565838159	0.045411836356705	0.030473884414995	0.024102807756957	0.019389711065436	0.029907779257815	0.028742896691664	0.025763438093965	0.020317088183312	0.022387075334159	0.020987467182156	0.017028657230604	0.025340695098359	0.031811602324935	0.028458385640331	0.027786332203636	0.031038305344812	0.072273718423313	0.050730561439398	0.031298654565125	0.038889260725275	0.043936044138343	0.037145227276627	0.030697444795673	0.02750692862577	0.031393218905927	0.027045055358308	0.027628626227094	0.034403210686234	0.030566382516773	0.026808751497505	0.028999838463448	0.025286453227774	0.027322401174858	0.023565327256359	0.019469836637597	0.032259539022215	0.027636778795711	0.024526292648099	0.02197034213766	0.019094666217882	0.026333740352599	0.028541563316598	0.025662870540262	0.031941789958742	0.031160980219398	0.02864928067094	0.026679716207555	0.029858311663109	0.031329621634819	0.030680909980262	0.034797002114022	0.036310670722929	0.028642591667676	0.025664490704227	0.028694084851686
aa_capacity std	1.78249990595031	2.34116936072607	2.01363426122868	1.86172232638713	1.45781558308229	2.36936220688866	1.31052987927783	1.41452056176236	1.14393966475218	0.705121616624468	1.65134945559827	1.53668760543087	1.49927262932261	1.95135391659123	1.4626491549851	1.49469441580422	2.21030125255149	1.45234375323316	1.57189816024772	1.16566994283852	1.27147070160179	1.15902582680709	2.16969470439131	1.59822777718485	1.61505587956411	1.26017142631253	1.52178592953404	1.96601904943913	3.45935646248473	1.69821668217257	1.61829249250804	1.63353667865928	1.34970459698242	1.64822361662531	1.26263294924218	1.35053073262384	1.50809641660017	1.0087433655357	1.56039701987089	1.5004712987766	2.00242851770051	1.06229331505528	0.753481014250776	0.894388685977029	1.20913609494839	1.98934721117206	1.18311561116224	1.80484206772593	1.17581441338048	1.81956486223658	1.03542640380788	1.23294670670241	1.24771543436107	1.31668308633204	1.34716572355503	0.976492740573005	1.02751845613551	1.06633440276724	1.14769739245205	1.42569786835143	0.944595476522696	0.74922190352368	1.35962810625475	0.939692102153307	1.70423745864208	1.64944322770993	0.76203158378361	1.14469835096532	0.826523677003541	1.73818307344176	1.32689542322075	1.47858289876321	1.17890929705767	1.32378360597111	0.747425175130283	1.31365520209394	1.70127610180815	1.24286749118017	0.967986765215303	1.12221053412453	1.28732532320732	1.2091712636062	1.23133261838278	1.31106310768473	1.01805897876796	0.772770754154964	0.941832131096878	0.90210862926672	1.0699025242687	1.03529801018851	0.879000479692338	1.20710804294507	1.12887223720315	0.63768444557707	0.863901256168045	1.13190765956969	1.01053480746779	0.792551636908091	1.22781381799463	1.26257188247392	1.30513307745635	1.5960039210452	1.16924322031069	0.922833292426218	0.891389548958862	1.27023938221658	1.35387371744194	0.991274823130975	1.22310196853211	1.0290577669888	1.04662142255276
fraction_charged std	0.213398741569383	0.212591667174038	0.212442434565347	0.215868026683267	0.213300201742368	0.213018541010032	0.21268497127726	0.211797256487314	0.210733644971281	0.20937374149772	0.213983585927387	0.213041779510132	0.213143756696914	0.212180275090502	0.212230664466796	0.211821492862505	0.212271855873704	0.212511724247897	0.210423019042324	0.217528341260951	0.214303335333981	0.212790068908182	0.213196658182612	0.213080728184917	0.212620205442358	0.210506650580029	0.206022918474601	0.125900987969589	0.211373186017257	0.214604527611253	0.213077118362282	0.212163697390555	0.212603378498864	0.21177135580699	0.211026602057458	0.210804284111954	0.210319935294335	0.158024241993363	0.212568867501871	0.212332100218279	0.213694134329562	0.170042857501995	0.187723751261595	0.199872410133709	0.207698555268689	0.207867749310155	0.176323112031351	0.200339273143487	0.176351158050836	0.185702454339054	0.180972313688653	0.136853003079732	0.134389406103496	0.085998172208273	0.082603179608992	0.085581500379359	0.214372262371423	0.209475287265074	0.196269142092385	0.196156926692971	0.116345621982185	0.068053766066307	0.072434874407804	0.036589264697065	0.028084328534818	0.163730509775815	0.11853428738374	0.160592582897211	0.138314045482048	0.169405885985648	0.179991207957816	0.194008072153575	0.18726237366536	0.192589298241685	0.030972940346931	0.212550392613108	0.212277529579432	0.210586209374784	0.034370905620374	0.054551772020058	0.073255013073523	0.091589126250544	0.104054957725725	0.119145253559254	0.053718944356679	0.038732734355134	0.029237048876315	0.032253887066704	0.051508344432341	0.041195418084087	0.054205983342117	0.026797859643359	0.027138677352839	0.208666091520004	0.080187104620475	0.062353202299584	0.051351911955043	0.049102442708629	0.038952264014674	0.02539017698435	0.022041475847147	0.019270391095483	0.105759918908209	0.056248444577735	0.036019911912107	0.0677883020638	0.066758523476984	0.040183387547418	0.07446269313709	0.043175755190389	0.049348589565478
ribosome_saturation std	0.082995377771802	0.001774473434673	0.003915072209623	0.065505271995114	0.072371950034878	0.119935940899164	0.076003477175553	0.090670852843061	0.085203383434983	0.10889590796341	0.0622194067266	0.097668809494705	0.056521916827318	0.135033086199157	0.101360699396386	0.076169220782014	0.141704815981552	0.086200254519157	0.085691940633003	0.063375194478276	0.074922811161167	0.06715463660031	0.140101034639377	0.138451170693196	0.073429813772155	0.07218631565985	0.062947799434469	0.047991947078894	0.267559043151994	0.12788852060134	0.131192065951126	0.101414793095222	0.121053237581074	0.089750422511117	0.054879933716009	0.060038507293405	0.046693176622631	0.066471471890435	0.001789575002484	0.011152540629683	0.086174259040128	0.065055170045906	0.114531913688957	0.072450239782417	0.087950659205975	0.132482968199669	0.141641069604506	0.095722042730564	0.092005604981141	0.140382071448346	0.099585128916237	0.100222955721356	0.060179050836216	0.041012678857714	0.024524520195432	0.038183753313897	0.079065175576346	0.113471580077977	0.148150014500022	0.100438448579057	0.054255816923081	0.024023484780427	0.026717199545423	0.015598935072358	0.015015912829558	0.170764084551022	0.054337748947803	0.088570970966556	0.068380594062796	0.124909520719502	0.079292820355776	0.10298131840652	0.125073721422092	0.089288295287184	0.010393624099897	0.003648979556131	0.015114926885214	0.075011472634541	0.011300141062738	0.023858809717422	0.019626442646481	0.077062399668743	0.059816464927486	0.069114246098902	0.025903112645438	0.015696517112154	0.009991487487927	0.010618351002876	0.053036444110404	0.012542794898205	0.037866641098919	0.010771119405466	0.011030647762487	0.077558857702751	0.057429788098225	0.025556111847419	0.019491623681242	0.022670860050914	0.013119126215891	0.010570387167349	0.010155940353681	0.010447034237853	0.041700864343764	0.024268849274996	0.010558889679187	0.058801787076415	0.100818262556939	0.01659465220817	0.06756540674659	0.010962459301998	0.019889157480942
aa_saturation std	0.017618981119243	0.006846977459822	0.004577021053961	0.02086995640885	0.016148134411069	0.021649786045416	0.017518517071945	0.015463620299571	0.013677146162216	0.018250117912225	0.01437076498653	0.015863294886622	0.014085532625939	0.020521559382782	0.01868686821023	0.018488022844832	0.030359696613057	0.015699859464565	0.021154800990293	0.020406115987238	0.019531999765188	0.01985545278111	0.026737102014023	0.019704878576198	0.017318322833581	0.013404945473947	0.011039341041929	0.015291203524066	0.023926439692482	0.013655730634012	0.01954888543448	0.017370634476123	0.025540815811558	0.017489741749656	0.01783031518738	0.012938122589769	0.016859942470335	0.013273456437043	0.001350344917657	0.00743229335473	0.022756737784872	0.0139809757648	0.01316860518492	0.018657093616018	0.013271057911381	0.018383011507157	0.017189646130544	0.013674991764342	0.016248354398331	0.020359051446069	0.019384378847937	0.01595149508337	0.016284456072375	0.016633480796717	0.017218091627615	0.016619633216289	0.021437386805243	0.023395979177957	0.02354536734258	0.019654287412062	0.01160410107981	0.017152977384481	0.013159765791702	0.009666863183607	0.008096266552129	0.013968624430592	0.018755462274393	0.013810015389958	0.018396673409792	0.017113242975522	0.01468127960403	0.019771703831628	0.016643994367093	0.016989938926998	0.013727799700736	0.008141428229478	0.004932121338023	0.012343496833307	0.009168272477727	0.014600696619278	0.014651132728003	0.014349896759049	0.017564331224635	0.015694713599711	0.009625709029174	0.008439992811879	0.009830952017592	0.010052570482165	0.01335740986645	0.013088846566109	0.014199949816709	0.013299666852229	0.01503532074697	0.019847305204221	0.018525769641813	0.011171232663994	0.01362284181556	0.011565714269386	0.011093979677554	0.007240928693538	0.012128025772955	0.006137269963904	0.01982095149026	0.016531701540563	0.015678829453873	0.015872236514542	0.015310797081775	0.01531717013694	0.012498667790647	0.011798768168644	0.011306967681654
aa_conc std	7.42511868614538	48.6656153378161	22.1488435393703	13.320610730532	6.19213164742589	14.5980394481249	7.04011808870406	19.8289282736906	29.2752385203482	150.717926436886	4.58094714359697	3.17404782014647	3.77856968800514	16.5564337637294	8.523550897673	7.20861191139236	25.1005543428492	12.6213576073974	22.5337677424858	5.27972801323649	6.44821382717236	7.37269453376591	12.3357906564062	13.1400808300101	5.57780927522324	2.67648066001095	4.23552437749297	14.2470312885864	26.3229713541331	9.64931066897347	13.1055551700808	10.2797794355896	12.1739939545767	5.55448588972676	4.2685031169801	9.25690186229292	7.11106340639187	7.04937503371885	76.9081775270453	55.0304941206492	26.3400044854644	4.41784146958571	5.50398545273845	7.0014422127173	18.1933902992543	91.1016626217129	215.81856373302	3.78024073091407	8.49095480683331	12.5757100825132	5.7811558311062	11.9485946858872	10.0759368989106	13.9653364245834	22.9222348036867	18.4561806538882	26.3160827076882	13.1175860070614	8.53670469996989	6.71266011465051	10.6938619353405	7.83902390359683	19.4629830298329	16.4670751956011	19.0591700430077	32.1525705857515	9.34297613369537	4.66634487935129	6.71924089109176	6.10812946633846	5.28066044800559	4.8029895249382	4.43068118787845	7.00108369725898	26.8334435747715	84.7031489514169	70.8003434766096	21.4023134832204	20.9312235530221	21.191697221966	16.6658780359104	36.0631604926238	100.699933326901	248.604448312297	17.1139038793737	21.1349097394811	25.0587107790398	19.7314755347463	22.6640148450796	19.124262905709	21.1339433595313	34.6242210663712	31.1138379957491	6.35951857593022	11.5447497501665	14.7675949632985	15.6803826137984	24.6376663281495	25.9530567107192	25.8494008127097	35.650264899536	37.4542527117447	50.7284424623959	28.6138376561778	19.9947858359221	25.5954602421626	27.0525830870194	17.3836515623185	12.8021025535406	19.8078069514932	19.1623466982708
excess_rna std	0.324209562686698	2.33169775667503	1.6068689520091	0.894152375018687	0.248322150723712	0.556431186724778	0.304214412580888	0.339156036455367	0.307533965964044	0.440329202735727	0.305021970975308	0.285741227514462	0.263340427992382	0.369728832823235	0.260492405511106	0.284305458430137	0.370942675271923	0.247813982703361	0.181681060158965	0.790413164419648	0.493315073764961	0.335199993575527	0.448000188808118	0.266981795055723	0.286287262867647	0.146246709544442	0.106280875642834	0.036318811931303	1.12282357615582	0.353097467822017	0.383679353512643	0.270721340530868	0.304146048194882	0.402843448487262	0.196439728758886	0.246504342303714	0.195502932703697	0.014521090662365	0.75995778545665	0.467405068453185	0.257596299334092	0.007954207171316	0.034293909584998	0.021854203465835	0.017201889343347	0.105846647926891	0.17897518059855	0.048147143218349	0.014227505895267	0.065811037696247	0.045665345253686	0.004416906745393	0.01039062236412	0.00830411540831	0.005137779389458	0.005775790780634	0.390167565726806	0.071038080252589	0.050777589519582	0.030266473662761	0.00375859988055	0.004568367875647	0.006338271062716	0.005990078037834	0.004278340115169	0.207894182719467	0.045193279266043	0.023274101405184	0.013326580873811	0.030683927988341	0.009257877377562	0.004705562690749	0.006857216151064	0.004260266897144	0.02202625348021	0.404630689340053	0.362986991036843	0.12626722677906	0.034935186316934	0.025544457096378	0.019521015080394	0.058403785035498	0.060861936934256	0.103865165733381	0.040941760919348	0.029574710860477	0.036020732777946	0.033437508094313	0.047424047010642	0.015362066526634	0.035400013394263	0.044299695635424	0.026000458030487	0.101262449018824	0.024508854044764	0.042103158140825	0.02444052008488	0.042666797997031	0.020515892789283	0.034668682492923	0.011015355875557	0.066420681366913	0.159989806673538	0.083852090872525	0.046203366934085	0.04114686105154	0.050283508920527	0.008117918460334	0.009508379780124	0.005417188847588	0.005888752596977
excess_protein std	0.020390676514157	0.003962713496588	0.02098303830593	0.036269920489359	0.034475637215547	0.023595929212957	0.022529757862058	0.023624070795578	0.034681343162007	0.032502438958222	0.021793521078617	0.022044381544938	0.01970700498743	0.027812168610145	0.020860088837886	0.027629950390642	0.022071758928444	0.03091736439843	0.019622826436917	0.022464612818144	0.030701904909558	0.036641400958993	0.025987084175667	0.026377314118693	0.031333948222319	0.019724256294007	0.014072139228595	0.016095685110385	0.015945211564645	0.025427082296529	0.02389175674541	0.022007925936218	0.02930980435986	0.024456757904378	0.027990874583254	0.031746017916795	0.021040947621335	0.028206878530031	0.003290569149551	0.029936619568702	0.016759144977483	0.015157056144613	0.032907428973828	0.030688239735358	0.024410805727073	0.016508385801332	0.032993038411819	0.017083418711269	0.034747792482526	0.027177958240964	0.021015147546968	0.030588088521445	0.021514382708551	0.023922443080815	0.024384305590629	0.028484507974348	0.015004851057612	0.014473282540954	0.023935129388788	0.016915028283224	0.025707018317684	0.019815993181886	0.02145226959002	0.017952045967709	0.018556314790911	0.016006361150153	0.011282779785804	0.015323971213701	0.021951119491571	0.035056551083326	0.029317603787014	0.029628698783488	0.06257636168166	0.070681043230682	0.021866434565915	0.008349836435535	0.02876549371613	0.023743325373979	0.020601594828588	0.021092237100922	0.02294540076641	0.018014063180546	0.024655526556363	0.032378527681322	0.016947346943919	0.026126546717094	0.023113861882293	0.020748354059292	0.022462769854111	0.014905401544631	0.018702871376726	0.025861802330509	0.024620748577947	0.020796614799518	0.018363302665037	0.013733028338977	0.021153337679181	0.019551643240829	0.016417814138818	0.015165145057748	0.019011743285252	0.019419769199033	0.025083478662473	0.021792574709296	0.017901957669973	0.017181639096779	0.016479165323289	0.032148913051743	0.029519258802509	0.027713331226994	0.032107003039665
rrna_synth_fraction std	0.057301769396938	0.036932102230702	0.040334099311492	0.047499965780548	0.037360412867421	0.064073834019886	0.048438363703991	0.049295790831467	0.044857602039862	0.053633927732446	0.047759235288418	0.047659234758835	0.045668388122659	0.05784204281733	0.048192983013449	0.048437107211278	0.061411110853568	0.048275577090682	0.042437116178666	0.04801890378874	0.050011709031457	0.045018572980706	0.057310324302457	0.040412714013454	0.047541481787374	0.033446512495892	0.032325967936419	0.013546973021338	0.063833096570353	0.044193420548009	0.055036059447019	0.048507569267262	0.046976923401932	0.059604480831541	0.040853337093275	0.049048041149915	0.051303457312049	0.015989650641083	0.031932825723041	0.028649365095277	0.043236738664018	0.008558497551195	0.0259782216881	0.018052138908289	0.015270631735159	0.03575631280002	0.041071550951608	0.025088377602814	0.019064249733231	0.030835511059326	0.024520237362243	0.014623711180026	0.00964565284648	0.010988949656373	0.009634974151281	0.01311608423239	0.049633068973559	0.023767038760388	0.026088978786813	0.017213818635289	0.012785648890192	0.009740411207746	0.008434057119913	0.00710433435062	0.007286305114476	0.033643323469358	0.017871829478679	0.013040364694468	0.012032861569612	0.024378786976595	0.015151062695401	0.015019886864861	0.022925375596001	0.022996591229624	0.011189517609661	0.028870283677262	0.034426834234109	0.036621280641308	0.01569650939654	0.012988125837557	0.011728338882067	0.021396200969391	0.016829644360325	0.028611617300472	0.015207602760482	0.016656790530923	0.013292815465176	0.012086831323945	0.021190053343365	0.009834356014416	0.01289887859913	0.019224911926311	0.015040117504463	0.027877417950579	0.011459254916383	0.014901047363707	0.013791226475775	0.012350778193338	0.009177321579432	0.013534666822131	0.009404030134967	0.023369798067628	0.019464478884153	0.023145933058738	0.013574330849721	0.016333412933598	0.018807160677781	0.013141709577887	0.013401370305143	0.00915963156324	0.009296380740853
rprotein_synth_fraction std	0.049253086949619	0.031268028171959	0.034311038219836	0.041351628283324	0.031636847614766	0.055444712291586	0.041627650598403	0.042081503558504	0.038149151245419	0.044990049118164	0.040532642843234	0.040574243094374	0.038925602951449	0.049656809153854	0.040159326571203	0.041447018909064	0.052843505830069	0.040900746040178	0.035397104486442	0.044092097421837	0.044642151542159	0.039010442097289	0.049429715007766	0.034149461972331	0.039950611561738	0.028086822938004	0.025665477638742	0.010565311290015	0.050516729913048	0.036036661245235	0.046247724928681	0.040910229982364	0.04060347479955	0.052325618407821	0.035043679446141	0.043381817299631	0.044776479762778	0.01363490973755	0.027232921881079	0.024498412756831	0.036571534930278	0.005971964039142	0.019911931158602	0.014474849497441	0.011212936533887	0.030227031676557	0.033496012698099	0.018917133047326	0.014260919135828	0.024387646233844	0.02072926624628	0.01128161410422	0.008695273915943	0.008213862885941	0.007738460304271	0.009479411289905	0.045540359086022	0.019704558607917	0.021793685566166	0.014537072134082	0.009314444661121	0.006438890798476	0.005710600130272	0.004855554323251	0.004713425305013	0.024721343109388	0.014479712042501	0.011215224572069	0.010465130277432	0.019202598659419	0.011612237457077	0.010574916869437	0.01645442092741	0.01919431661697	0.008508100191592	0.02509285128725	0.029137730924574	0.030429939173493	0.011554055738346	0.010847723022547	0.009275051269641	0.017136297494213	0.015583151312944	0.026429398350329	0.012411828109262	0.014015620318851	0.011019202286214	0.01006834218687	0.016768983070444	0.006908155011391	0.009997143458263	0.015554758374776	0.012461813191725	0.02465161876649	0.009686262614973	0.013101027070498	0.011190178520116	0.011035722485502	0.005716206783242	0.011197857895485	0.005880204499948	0.015962593897245	0.016800221454465	0.019012486815603	0.012778582698195	0.013119334574723	0.016477028214559	0.009878098871805	0.010027932722205	0.007106518950394	0.006869577229693
enzyme_synth_fraction std	0.008238966530393	0.005675345419198	0.006036115687046	0.006237565466956	0.005939370914729	0.008784415019867	0.006950807097115	0.007519612206185	0.007347194130305	0.00895460317612	0.007450358860316	0.007203484279331	0.006980016523251	0.008281479416547	0.008272887937621	0.007180780165968	0.008780480350961	0.007506531952296	0.007214522077046	0.003975183863849	0.005459456591117	0.006097825262635	0.00801523738954	0.006495562641735	0.007733099549721	0.005519367229083	0.006897029818469	0.006717244157698	0.013401521953274	0.008299110166666	0.008951698630485	0.007750403234405	0.006587098404544	0.007558699034554	0.005973010601304	0.005931734837165	0.006761535574887	0.003127807214665	0.00477357554577	0.00422419468392	0.006946377562564	0.003645821642663	0.006688168210581	0.004393308934649	0.004906216351219	0.006085940382193	0.011083497345574	0.006815130995215	0.005571447212902	0.007167265545706	0.004316912306673	0.004591823174312	0.003866327665941	0.003449494789875	0.002748335470624	0.004666286133672	0.00414068900081	0.004746850199681	0.00465017818937	0.003443503410891	0.004332809389944	0.004013415039096	0.004065783036585	0.004080215990826	0.003875352495904	0.009289967111942	0.004362479511483	0.002874547883151	0.003396364636688	0.005846911256037	0.00402974316911	0.005373369614912	0.007105301031961	0.004571954170012	0.004412439743522	0.004073924990141	0.005436981319187	0.007057243035286	0.005399478254007	0.003922008109568	0.003663195672842	0.005637443134487	0.005054062381902	0.00942083712305	0.004785233457862	0.004016521306946	0.004259797307041	0.003536782943889	0.005411255102483	0.004588151198956	0.004150417364488	0.005366196134489	0.004203961489046	0.003575834245251	0.002862316214229	0.002466411559016	0.003687021747127	0.003360933565805	0.004953807834755	0.004233742634597	0.006491411232771	0.00933061620263	0.003845541432059	0.005479304556217	0.003242609924773	0.004408760793096	0.003872638361158	0.004579511413962	0.004470172580628	0.003387952117869	0.004084880325487
rprotein_protein_fraction std	0.006574145386661	0.012726127656252	0.012576241279938	0.006542924827595	0.00861136566494	0.007900736420841	0.011240907360433	0.01159553822046	0.010784171377979	0.009063598175201	0.009884675074591	0.006588869351961	0.009230795405752	0.006021712051325	0.009612493599851	0.01172192847668	0.008996721013622	0.008358565827971	0.011883729713998	0.009959771983547	0.007380788966133	0.008967775620493	0.00780677504487	0.006348215562411	0.006972940896307	0.008945210787474	0.007778601446057	0.017538917677667	0.004234685477567	0.005877667194222	0.010412486202466	0.009294566005042	0.009283918952757	0.007975273835852	0.010698784499149	0.015033325348841	0.014288029194788	0.010254995998831	0.012168847651512	0.004310405083498	0.004496903585436	0.004657820516849	0.012851286629371	0.011738479788192	0.01200614091899	0.007651035291986	0.009005758805932	0.006597367035252	0.011961867712347	0.007700693626761	0.007059155909953	0.011381921994461	0.006762774622675	0.010721180671364	0.00887210040736	0.007774476741704	0.006550352538798	0.00912857790637	0.006449999667415	0.006687811506833	0.005063444104611	0.010632162384307	0.009304781626794	0.007728205040284	0.004482947847253	0.002699386118494	0.005757879099963	0.006625079655214	0.006337656778444	0.007470416595132	0.005377950434042	0.00889443998848	0.018840608045728	0.01598308846052	0.007153877536372	0.007661767663358	0.008960372184722	0.007999175119665	0.007601651135726	0.005850492184777	0.007232129316287	0.008869263526193	0.009979515177245	0.00809539320594	0.007669922119812	0.007105128171051	0.004964716764599	0.003081250128425	0.006665434495681	0.00554079698826	0.006255486120712	0.008825132257021	0.007411123029964	0.004607531414259	0.006153963718113	0.003805297545146	0.007731694278775	0.005194580877205	0.005598718676297	0.008298920686662	0.007931736982362	0.005462608137989	0.003955867504064	0.005305039678696	0.005692115248612	0.006964093582836	0.007640789113272	0.008382107460291	0.008235030446196	0.008084755980629	0.005833597927442
enzyme_protein_fraction std	0.001460355560391	0.001258280434249	0.000454128024312	0.000920158620349	0.001088392514032	0.001154419325636	0.001099954462101	0.001252470786136	0.002549711676255	0.002351291491746	0.001486438245717	0.001007710299868	0.001363438425252	0.001236593656941	0.00138804354543	0.001125424223066	0.001477448860681	0.001019018718959	0.001681252135889	0.000770930805902	0.001138951094654	0.000909639776098	0.00130124456069	0.001370327968111	0.001434545024356	0.001827032677738	0.00079090690187	0.002594376104138	0.000697195310663	0.001047189036269	0.001164741602191	0.001381952546379	0.001364587464639	0.001234065727489	0.000968421506353	0.001493064708339	0.002449442726395	0.001964988200561	0.001388409557653	0.001083407759308	0.001062086560308	0.001192179385232	0.001543346961699	0.001225485694566	0.001719501537375	0.00170548980111	0.004142124555265	0.001769759185637	0.00177609562152	0.001915025452347	0.001493575035035	0.00153661051474	0.001338026772577	0.001587550093343	0.001529793909099	0.001448275095792	0.000535125760232	0.001413330224216	0.00126012098198	0.001541068448532	0.001053027878048	0.001368272183357	0.002103001251177	0.001996924805828	0.001283827128095	0.000818882620159	0.00097182355823	0.001443106571951	0.001627140036015	0.001163946481183	0.00105573996513	0.00161545572693	0.001631654449751	0.001965708200321	0.000864750170401	0.001961090612278	0.001038921452806	0.0010581601308	0.000960767889019	0.001443207342783	0.001599736825481	0.000732523055895	0.001386327070906	0.004321463260621	0.001097127359037	0.001156681530179	0.001216038066424	0.001032127754716	0.000684936587467	0.001119013146872	0.00130511108666	0.001423319862743	0.001080650121859	0.000599285831824	0.000787771150725	0.000809158898164	0.001030025042541	0.001182799437176	0.001415441927185	0.001101550303449	0.001371364582955	0.002111885619278	0.000658069589276	0.000811516230077	0.000835026004953	0.0010137704966	0.001193969580765	0.001227042269507	0.001061523802603	0.00142772319859	0.001599319828003
