TF	Gene	FC
appY	flu	1.4798960929772518
appY	htpG	0.2744268595450074
appY	rrsG	-1.7763568394002505e-15
appY	trpS	-0.1579715727002912
appY	ybjO	0.40389126607318665
appY	ydfW	0.2271806528189968
appY	yjjX	-0.18720677052422907
arcA	abrB	0.3302522007912976
arcA	accB	0.33630775964391707
arcA	aceA	-1.2857200247279923
arcA	aceB	-0.9494199357071947
arcA	aceK	-0.6285756404550005
arcA	ackA	0.7221609965381052
arcA	acnA	-1.203551644411468
arcA	acnB	-1.5737882096933795
arcA	acs	-3.291646377349173
arcA	actP	-1.995275931948572
arcA	adk	0.44417540306627634
arcA	agp	-0.47475871167160255
arcA	aldA	-2.4367259248269044
arcA	aldB	-0.7287807047477793
arcA	alkA	-0.15663659990108547
arcA	allA	0.3109374381800272
arcA	allR	0.17087654549950834
arcA	amn	-0.3369693719089823
arcA	ampG	0.3677696340257248
arcA	anmK	0.1911973046488673
arcA	apbE	0.2736404723046493
arcA	appB	1.3792586523244295
arcA	appC	1.4703789243323697
arcA	apt	0.6276302695351136
arcA	arcA	3.207800713649858
arcA	argT	-2.694094562314538
arcA	ariR	-2.4808294647873463
arcA	aroG	0.32590404302669373
arcA	aroK	0.26118193125620043
arcA	aroM	-0.6231649455984345
arcA	asnS	0.45344783877347455
arcA	astA	-1.4803968269040517
arcA	astB	-1.090576851656784
arcA	astC	-1.9843542779426322
arcA	astD	-1.291991750741857
arcA	astE	-0.7382506554154292
arcA	b0725	-2.4308732566765756
arcA	bamC	0.2712017457962599
arcA	betA	-0.6673615949554926
arcA	betB	-1.1968208382789356
arcA	betI	-0.8280120746785395
arcA	betT	-0.6406767828882439
arcA	bluF	-0.8241706034619138
arcA	bsmA	-0.42005000741839216
arcA	bssR	-1.335286805143433
arcA	btuC	0.3488515628091012
arcA	btuE	-0.4074559495548928
arcA	btuF	0.3277021587537148
arcA	btuR	0.23581006429276533
arcA	caiF	0.8891498590504489
arcA	ccmB	0.2454538798219604
arcA	ccmC	0.36482162957465936
arcA	ccmD	0.4471245301681543
arcA	ccmE	0.40262184965381026
arcA	cdsA	0.28366511127597427
arcA	chbB	-0.27324984421365656
arcA	clpA	-1.001154213649841
arcA	clpS	-0.6436972799208888
arcA	cobB	0.295161399604342
arcA	codA	0.7367142185954753
arcA	codB	0.8876429030662859
arcA	cra	0.23174879327398554
arcA	crl	-1.2891088081107756
arcA	csgD	-0.5642640331355256
arcA	csiD	-0.6555479500494551
arcA	csiE	-0.4591850272007896
arcA	cstA	-1.0911836745796257
arcA	cvrA	0.34260840999010456
arcA	cyaA	0.41220965875371623
arcA	cycA	-0.46487804648863146
arcA	cydC	0.6050793669633915
arcA	cydD	0.6628566097922847
arcA	cynR	0.25749103363007597
arcA	cyoA	-2.112547005440176
arcA	cyoB	-2.0153497873392676
arcA	cyoC	-1.9731305489614224
arcA	cyoD	-2.030563177547004
arcA	cyoE	-1.2132623541048353
arcA	cysS	0.1478911275964454
arcA	dadA	-1.5221066839762596
arcA	dadX	-1.0377725395648014
arcA	dapA	0.2976582937685519
arcA	dctA	-1.3147451706231539
arcA	dcuA	0.48780583086052537
arcA	dcuC	0.9211247997032658
arcA	ddpA	-0.7265621414441267
arcA	ddpB	-0.3888563452027805
arcA	ddpD	-0.518553909495535
arcA	ddpF	-0.2795227720079047
arcA	ddpX	-1.580603971562807
arcA	dld	-0.38524888724035716
arcA	dmsC	0.36841443372897126
arcA	dnaX	0.2171592631058341
arcA	dsbB	0.41710232195846014
arcA	dtpD	0.4240637413452037
arcA	dxs	0.14342310336301267
arcA	eamA	-0.6407403857566826
arcA	eda	0.250385259643918
arcA	emrB	0.3815268521265975
arcA	emtA	0.4357030637982163
arcA	epmC	0.3053981998021806
arcA	eptA	-0.5953594510385752
arcA	evgA	0.8086912957467756
arcA	fabD	0.1746154797230468
arcA	fadA	-1.4354774925816127
arcA	fadB	-2.349157903066278
arcA	fadD	-1.2139152744807238
arcA	fadE	-1.0439850989119728
arcA	fadH	-0.6075317828882277
arcA	fadI	-1.2825529995054539
arcA	fadJ	-1.2391747205736963
arcA	fadL	-0.7348629723046466
arcA	fadM	-0.5198062314539905
arcA	feaR	-0.7033005254945586
arcA	fldB	0.12763763847675605
arcA	folE	-0.625375071711188
arcA	folK	0.36942971810088215
arcA	fre	-0.243130697329359
arcA	fruL	0.5644966716122476
arcA	ftsN	0.2517810806132532
arcA	fumA	-1.9904645672601209
arcA	fumC	-1.1643511152324562
arcA	fur	-0.26252963649853517
arcA	gabD	-0.5431638031651913
arcA	gabP	-0.7002402992087046
arcA	gabT	-0.6092881874381737
arcA	gcd	-1.258265556379824
arcA	gcvT	-0.2521577893175107
arcA	glcA	-0.5753785905044475
arcA	glcB	-1.9835196785360987
arcA	glcC	-2.3610304574678516
arcA	glcD	-2.2967789688427316
arcA	glcF	-1.76465603857567
arcA	glcG	-1.5377948837784459
arcA	glmM	0.1827020301681531
arcA	glpE	-0.3926534594460807
arcA	gltA	-1.7467020153313542
arcA	gltI	-0.8315206899109936
arcA	gltP	0.8597229203758507
arcA	gltX	0.1959255242334407
arcA	glyA	0.45762666666663554
arcA	gph	0.1536166518298782
arcA	gpmA	-0.9542409619189005
arcA	gpp	0.18633730464886508
arcA	gsiD	0.44268780909990374
arcA	gstA	-0.3668738674579675
arcA	gstB	-0.2334425296735998
arcA	guaA	0.4898177621167103
arcA	hcaR	-1.193920548961435
arcA	hchA	-0.5351802101879294
arcA	hda	0.4056557715133599
arcA	hisC	-0.5200573491592726
arcA	hofO	0.2606990034619268
arcA	hpt	0.2708557146389623
arcA	hsdR	0.5948362265084124
arcA	htpG	0.21152308110781895
arcA	hyaA	1.6786959446092933
arcA	hyaB	1.5059501137487634
arcA	hyaC	1.4856634792284933
arcA	hyaD	1.4302021958457096
arcA	hyaE	1.1874131627101918
arcA	hyaF	1.6046945524233687
arcA	hybG	0.4359063105835746
arcA	ibpA	0.2483690677546906
arcA	icd	-2.0332919436201533
arcA	iclR	0.3241154055390772
arcA	ileS	0.275012252720098
arcA	ilvH	0.42196411473787937
arcA	ilvI	0.3871044337289676
arcA	iraP	-0.7410997799208582
arcA	ispU	0.32907769782393953
arcA	katE	-0.9403989243323524
arcA	kefB	-0.5868062957467669
arcA	kefG	-0.4880265801186901
arcA	kgtP	-1.9404756503462035
arcA	kilR	0.29581241869435626
arcA	lar	0.15112134332343508
arcA	leuS	0.14453005192881507
arcA	lexA	0.2767572007912899
arcA	lhgO	-0.642343429772501
arcA	lipB	0.4349688847675552
arcA	lldD	-0.966346664193867
arcA	lldP	-1.2331449170375748
arcA	lldR	-1.5879309109792323
arcA	lnt	0.22395935954499815
arcA	lolD	0.24177377843718828
arcA	lon	0.32751028189912734
arcA	lpd	-1.3638333605341166
arcA	lptE	0.172852957467863
arcA	lpxD	0.3537563452027886
arcA	lpxH	0.22418271266073755
arcA	lpxL	0.4107277324431351
arcA	lspA	0.30498096439167915
arcA	maeB	-0.738305803659746
arcA	mcbR	-0.7655113674579717
arcA	mdh	-2.2332293496538056
arcA	mdoG	0.28178129574678623
arcA	mdoH	0.3123400024727876
arcA	mdtE	1.5606818768546165
arcA	mdtG	0.332315731948563
arcA	metI	0.5703800766567805
arcA	metN	0.5910475914935663
arcA	metQ	0.44002780168149025
arcA	mglA	-1.6736978391419373
arcA	mglB	-1.4254833456973233
arcA	mglC	-0.5307579846686533
arcA	mhpB	-0.6698985098911815
arcA	mhpC	-0.8740222007912787
arcA	mhpR	-1.8193816691394578
arcA	mipA	0.44313951780416777
arcA	mltD	0.9892256899109734
arcA	mngB	0.2522294930761418
arcA	mprA	0.403972047477766
arcA	mqo	-1.9100360657764748
arcA	mraY	0.33330824431255407
arcA	mscK	0.2360541295746791
arcA	msrB	-2.170815798714129
arcA	mtn	0.3055464515331477
arcA	murC	0.2153062586547739
arcA	murD	0.25803657022751686
arcA	murE	0.1797851730959262
arcA	murG	0.15214667655786704
arcA	napB	0.49231787339268274
arcA	napC	0.2841857344213626
arcA	narI	0.5759479129574372
arcA	narQ	0.2793352274975327
arcA	narY	-0.7529324629080207
arcA	narZ	-0.7678957542284923
arcA	ndk	-1.3537623170128663
arcA	nei	0.4572034149357073
arcA	nfsB	0.2277312240356002
arcA	nlpD	-0.5588833902077305
arcA	nrfB	1.3719717556874507
arcA	nrfC	0.9850150890207757
arcA	nudE	-0.7964247700296773
arcA	nuoE	-0.7052488921859562
arcA	nuoF	-0.6993574975272051
arcA	ogt	0.31880131800196665
arcA	oppA	1.530660778931728
arcA	oppB	1.794409038081105
arcA	oppC	1.7767571043521382
arcA	oppD	1.6920089490603323
arcA	oppF	1.6513743669633942
arcA	osmB	-0.7526557591493539
arcA	osmC	-0.8461198689416366
arcA	osmY	-2.3834779376854285
arcA	oxyR	0.14605243323443165
arcA	paaJ	-0.2348717284866423
arcA	paaK	-0.3442353140454956
arcA	paoA	-0.4079581305637922
arcA	pcnB	0.4106172848664724
arcA	pdxH	0.4408753635014677
arcA	pdxY	0.35767751483680027
arcA	pepD	0.25980118447083617
arcA	pepE	0.3450077002967354
arcA	pepN	-0.43008280909990154
arcA	pepQ	-0.4504520054401467
arcA	perR	0.3457267779426303
arcA	pgpA	0.17958892185954412
arcA	pheA	-0.8999974060336214
arcA	phoH	-2.9015953798219702
arcA	pldA	0.21456043026707525
arcA	pncB	0.3745902720079107
arcA	pntA	0.4407024258160253
arcA	potF	-1.064605778931765
arcA	potG	-0.8038657294757914
arcA	potH	-0.5407940603363133
arcA	pphA	-0.151184730464885
arcA	prmC	0.2882567087042411
arcA	proQ	0.23750252472800057
arcA	prpR	-0.7378312678288914
arcA	prs	0.44624112265083965
arcA	pspF	0.3165390331355045
arcA	pta	0.5529149579624232
arcA	ptsP	0.1724818892185914
arcA	purC	0.49377912710190097
arcA	purD	0.31980653313551244
arcA	purE	0.3936406008902355
arcA	purK	0.3133735806132279
arcA	purL	0.34212276458951046
arcA	putA	-1.6651314861523254
arcA	puuA	-1.7643607072205756
arcA	puuD	-1.7391326310583501
arcA	puuP	-0.9752925494559808
arcA	puuR	-1.1375007492581688
arcA	pykA	0.385776913946602
arcA	pykF	0.19460437438181785
arcA	pyrD	0.7431928684470877
arcA	pyrI	0.6536053684470899
arcA	rarD	-0.45898423343222
arcA	ravA	0.18605016320474524
arcA	rcbA	0.3177967314342241
arcA	ribE	0.21037463897132044
arcA	ridA	0.39524560336296294
arcA	rlmC	0.3304068348170082
arcA	rlmF	0.20317951533135478
arcA	rluB	0.31997072453017167
arcA	rnlA	0.4431483036597448
arcA	rplD	0.205930640455002
arcA	rpmH	0.43641350890205616
arcA	rpoS	-0.5473841147378816
arcA	rpoZ	0.20162958704253078
arcA	rsd	-1.520742945103862
arcA	rseC	0.4011080860534202
arcA	rutA	-0.32702248466862827
arcA	sbcC	0.259455754203739
arcA	sdhA	-3.4416326434223468
arcA	sdhB	-2.953357957467865
arcA	sdhC	-3.9143966815034936
arcA	sdhD	-3.8033300445103992
arcA	secG	0.4489481998021727
arcA	serC	0.44141605341248624
arcA	sfmA	-0.6634589498021651
arcA	sgrR	0.2804899777448075
arcA	slt	-0.3315488921859586
arcA	smrB	0.2195562215628112
arcA	sodC	-0.5700783555885162
arcA	sstT	1.1195537784371876
arcA	ssuB	0.3236907096933706
arcA	sthA	-2.1219866988130565
arcA	stpA	0.9193968026706308
arcA	sucA	-2.42152207220577
arcA	sucB	-2.5076850420375725
arcA	sucC	-2.654160318991113
arcA	sucD	-2.1269717927794365
arcA	sufB	-0.7969641913946672
arcA	sufC	-0.6101642779426208
arcA	tesB	-0.2767336053412321
arcA	tfaE	0.21667256795253134
arcA	thiC	-0.8272772675568958
arcA	thiE	-0.7203727077151153
arcA	thiF	-0.645313775964421
arcA	thiG	-0.6827869807121757
arcA	thiH	-0.7665396018793106
arcA	tktB	-0.9531484520276879
arcA	tolC	-0.27690249010879314
arcA	treA	-0.6506840999010833
arcA	trxB	-0.31928167161227927
arcA	trxC	-0.9221541641938792
arcA	ttcA	0.2696360064292769
arcA	tusC	0.2678269114737814
arcA	tusD	0.2501124282888263
arcA	tusE	0.43337822947577714
arcA	tyrR	0.2062209347180981
arcA	tyrS	0.3043567185954397
arcA	ubiD	-0.2739058827893275
arcA	ucpA	0.14649364737884105
arcA	udk	0.30879886003955476
arcA	ugpA	-1.4931895909990178
arcA	ugpB	-1.4905835633036684
arcA	ugpC	-0.8489171810089094
arcA	ugpE	-1.7914418422354121
arcA	ugpQ	-0.5232830489614148
arcA	uhpA	0.2673858432245318
arcA	upp	0.807556449060336
arcA	uraA	0.7799223071216602
arcA	uvrY	0.27266934718100977
arcA	uxaC	-0.22389968842728525
arcA	viaA	0.23453761869437054
arcA	wzzE	0.2083613180019729
arcA	xseA	0.36573854104846265
arcA	xseB	0.2342413748763684
arcA	yadS	0.29325267804153454
arcA	yaeB	0.32953873145401463
arcA	yaeI	0.20552519535114508
arcA	yaeR	-0.3024340281899051
arcA	yahM	0.34205932047477283
arcA	yaiV	0.19825968494560073
arcA	ybaK	0.3377258160237287
arcA	ybaY	-1.4548021266073234
arcA	ybbM	0.3927061449060314
arcA	ybcV	0.33524654327398135
arcA	ybcW	1.424488664193871
arcA	ybdJ	-0.6450648031651841
arcA	ybfA	0.7701245054401572
arcA	ybfE	0.22027722057369248
arcA	ybfO	0.3448418224530099
arcA	ybhK	0.27906415182986405
arcA	ybiT	0.3131812215628038
arcA	ybiU	-0.5547261646884277
arcA	ybjH	0.23540039317506886
arcA	ybjM	0.976927210682498
arcA	ybjO	0.32530180019781435
arcA	ycaR	0.20077658506426888
arcA	ycbC	0.19861334075171855
arcA	ycbJ	0.3060987759644076
arcA	yccM	0.384276315529178
arcA	ycdT	0.4849884223541141
arcA	ycdZ	0.26621901582592217
arcA	yceI	-0.9922439043026712
arcA	ycfZ	0.2753823598417382
arcA	ycgB	-0.9598467631058275
arcA	ycgZ	-2.130338694362011
arcA	ychF	0.2520598639960537
arcA	ychM	0.4307991073194953
arcA	yciE	-1.4075603932987197
arcA	yciF	-1.4017547082096966
arcA	yciG	-1.1683097255192643
arcA	ydaG	0.4607595765553965
arcA	ydaN	0.2944716196834835
arcA	ydcI	-2.0298867359050434
arcA	ydcJ	-0.4576267210682381
arcA	ydcL	-0.4520524554896144
arcA	ydcS	-0.5687030217606298
arcA	ydcV	-0.5430309198813131
arcA	ydcZ	0.2878158704253247
arcA	ydeE	-0.255555328882304
arcA	ydeI	-0.8630069065282008
arcA	ydeJ	-0.5648868892185864
arcA	ydgC	-0.5468975519287859
arcA	ydhF	-0.3545510534124469
arcA	ydiZ	-0.5434964589515113
arcA	ydjA	-0.392195944609316
arcA	yeaC	-2.107571703758689
arcA	yeaG	-0.9917701879327475
arcA	yeaH	-0.9436327398615224
arcA	yebC	0.25986269782395216
arcA	yebS	-0.16812058110780378
arcA	yehD	-0.7472478911968418
arcA	yeiH	0.2630715207715171
arcA	yeiQ	-0.2857409619189013
arcA	yejF	0.29738938674580145
arcA	yejG	-2.6056976458951464
arcA	yfbM	0.5534022279920899
arcA	yfcA	0.26139344708210405
arcA	yfcL	0.23964462908012787
arcA	yfeA	0.4295563872403523
arcA	yfgM	0.18598392927794372
arcA	yfiM	-0.4104208852621085
arcA	yfjW	0.398631152077157
arcA	ygaU	-0.7365143199802162
arcA	ygaZ	0.3515127299703136
arcA	yghB	0.17914023738873416
arcA	yghZ	-0.2565507195845691
arcA	yhbO	-0.7356373194856459
arcA	yhbW	-1.1550591444114657
arcA	yhfK	0.1833778511374886
arcA	yhgN	0.18438141691394386
arcA	yhjE	-1.2512454549950311
arcA	yhjJ	0.19595672354104746
arcA	yiaF	0.27433798466863246
arcA	yiaG	-0.9827780662710001
arcA	yibF	-0.6051383555885169
arcA	yidB	-0.21966503956479425
arcA	yigI	-2.1138099530168084
arcA	yigZ	-0.25239261127596463
arcA	yjaZ	0.3782876957220604
arcA	yjcD	0.5334525544015808
arcA	yjcE	0.2580679747774499
arcA	yjcH	-3.569113342702765
arcA	yjdN	-0.8671830415430405
arcA	yjfY	-0.2928636572700445
arcA	yjgR	-0.37478677299702784
arcA	yjiJ	-0.7123231028684502
arcA	yjiR	-0.4861908333333241
arcA	yjjI	0.2655916815034798
arcA	ylaC	-1.2635340900098952
arcA	yliE	1.0358580489614209
arcA	yliF	0.6935391988130637
arcA	ymfA	0.41019759643918
arcA	ymgA	-1.7590299431256102
arcA	ymgC	-1.1949622438179952
arcA	ymgD	1.0062342111770473
arcA	ymgG	0.7025004821958554
arcA	ynaJ	-1.1524324134520307
arcA	yncD	-0.6389619159495596
arcA	yncG	-0.5018596965875463
arcA	ynfD	-0.4081962809099753
arcA	yohC	-0.6310108827893304
arcA	yqaB	0.25954241839763176
arcA	yqeF	-0.6968021216617245
arcA	yqeI	0.6199751743026759
arcA	yqeJ	0.5490221622156224
arcA	ytfF	-0.3466208011869502
arcA	ytfQ	-0.6917748541048594
arcA	ytfR	-0.29711848664687907
arcA	znuB	0.30063681008901527
arcA	zur	0.49386721562808633
crp	agp	-0.9677820606659951
crp	cspD	-0.8730641180349463
crp	curA	-0.9445024101549733
crp	fadL	1.0007725585229243
crp	insO-1	3.1649823517968962
crp	mcbR	-1.2098713703923643
crp	proB	3.7878247662380247
crp	pyrB	0.7755701417738053
crp	pyrI	0.6846214177382185
crp	rcsF	2.0426925150016237
crp	sbmC	-1.2016844312561905
crp	yaeB	1.5167682261787014
crp	yafY	2.4335907863501602
crp	ydeP	-0.5635119905703831
crp	ydfD	0.6728233132212355
crp	yebF	-1.1471190108802947
crp	yghU	-0.5166832607978916
crp	ykfB	2.9637975349554697
fis	dnaC	-1.1382299109792333
fis	flgL	1.7253355885261838
fis	menF	-0.5644762017804261
fis	ptrA	-1.9313142136498893
fis	rnlB	-1.5083461918892163
fis	speC	-1.2678915034619298
fnr	abrB	0.3217979485657889
fnr	accC	0.3144910979228534
fnr	aceF	-0.7814955707220574
fnr	ackA	0.7884571810089143
fnr	adhP	-1.1634749159248359
fnr	adk	0.18600256775468899
fnr	aegA	0.48238423738873076
fnr	agp	-0.5109463679525208
fnr	ahpC	-0.2824619723046555
fnr	aidB	-1.0505572917902974
fnr	alaA	0.6381602650840795
fnr	alaE	-1.3799323516122717
fnr	aldB	-0.6089579030662887
fnr	amn	-0.3085637230464873
fnr	amtB	-0.8216910484668714
fnr	ansB	0.8935260356083085
fnr	apaG	-0.4133597764589435
fnr	apbE	0.20846251038575658
fnr	argT	-1.1496949436201782
fnr	ariR	-0.978395467141444
fnr	arnA	-0.43646474579623973
fnr	arnB	-1.0314215944609335
fnr	arnC	-0.8826712759643864
fnr	arnT	-0.4416013056379888
fnr	aroE	-0.22357776261128948
fnr	aroG	0.2240574678536022
fnr	aroP	0.5310415905044636
fnr	asnS	0.4019358694361871
fnr	aspA	0.5250772324431241
fnr	astC	-0.5163889891196811
fnr	atpC	0.3989420118694484
fnr	bcr	0.2900377309594455
fnr	bdm	-2.000099372898118
fnr	betB	-0.6926027359050593
fnr	betI	-0.5486004866468834
fnr	betT	-0.47075643125618793
fnr	bhsA	-0.5799765242334249
fnr	blc	-0.7204378674579773
fnr	bluF	-0.3226158011473715
fnr	bolA	-0.5077234183976175
fnr	borD	1.5811969236399506
fnr	bsmA	-0.37482981206725025
fnr	bssR	2.127810987141442
fnr	btuD	-0.3928092502472784
fnr	btuE	-0.40393797823937827
fnr	caiF	1.5536336617210595
fnr	can	-0.7133263442136494
fnr	ccmA	0.2729354718100991
fnr	ccmB	0.2731483244312612
fnr	ccmC	0.38204214441146767
fnr	ccmD	0.459824387734914
fnr	ccmE	0.529995554896145
fnr	ccmG	0.2594103026706179
fnr	ccmH	0.29426619584569796
fnr	chaC	-0.34271432838773574
fnr	codA	0.6279739327398767
fnr	codB	0.8041359248269295
fnr	csgD	-1.2323525380811104
fnr	csgE	-1.4079933322453018
fnr	csgF	-1.3179139327398701
fnr	csgG	-0.8669682037586567
fnr	csiE	-0.4774623184965318
fnr	csiR	-0.21425822551930332
fnr	curA	-0.8874503125618286
fnr	cvrA	0.34292187141445185
fnr	cydA	-1.4504147378832712
fnr	cydB	-1.2354633273986066
fnr	cyoA	-2.116303129574678
fnr	cyoB	-1.9245093550939592
fnr	cyoC	-1.7760607794263175
fnr	cyoD	-1.8288652542037724
fnr	cysG	0.3152885440158325
fnr	cysM	0.43514697131553215
fnr	dadA	-0.9464927141444157
fnr	dadX	-0.5346140514342286
fnr	dcuA	0.3302773926805191
fnr	dcuB	0.6992694401582599
fnr	dcuC	1.181701564787333
fnr	ddpA	-0.2841468526211723
fnr	dedD	0.10167231849654748
fnr	def	-0.2151856498516435
fnr	deoA	-0.6171914500494642
fnr	deoB	-0.4794273827893331
fnr	dinI	0.36514140652819455
fnr	dipZ	-0.2876125558852597
fnr	dkgA	-0.748444585558855
fnr	dkgB	-0.2943123323442155
fnr	dld	-0.5820687734915905
fnr	dmsA	2.6942387339268015
fnr	dmsB	2.7426863580613285
fnr	dmsC	0.9826936953511258
fnr	dmsD	0.6075385281899025
fnr	dosC	-0.6537361721068272
fnr	dppB	0.8029182769535069
fnr	dps	-1.384463331355082
fnr	dsbB	0.33312178635015915
fnr	dsbG	-0.24108076953511937
fnr	dusB	0.815819046488611
fnr	eco	-0.630147169139454
fnr	ecpR	0.474320467275961
fnr	elaB	-1.2500110702274951
fnr	emrB	0.3488874025717093
fnr	endA	0.40966076162215387
fnr	eno	-0.40950525618201455
fnr	eptA	-0.5273162927794156
fnr	fabR	0.18643388130562524
fnr	fadD	0.22711500296736625
fnr	fbaB	-1.0153767319485576
fnr	fic	-1.009373323442143
fnr	fis	0.8861632324431479
fnr	fldA	-0.1760053748763474
fnr	fliG	0.6508165909990166
fnr	fnr	2.1438631414441147
fnr	folE	-0.6871014757665572
fnr	folX	-0.7595907912957498
fnr	frdA	0.9424282987141427
fnr	frdB	1.051233804154309
fnr	frdC	1.2062260356083194
fnr	frdD	1.0073124451038518
fnr	fumB	1.0229262927794278
fnr	gabP	-0.5511847537092064
fnr	gadA	-2.6639437705242273
fnr	gadB	-2.081802611275971
fnr	gadC	-1.8501417843719028
fnr	gadE	-1.864766021760649
fnr	galE	-0.22007390108804542
fnr	galR	0.18207467853611306
fnr	gapA	0.30580795450047693
fnr	garD	0.2868706033630116
fnr	gcd	-0.6357836973293848
fnr	gcvR	-0.25289482888228804
fnr	ghrB	-0.3537035153313603
fnr	gldA	1.3796014935707113
fnr	glgS	-1.34263178239367
fnr	glmM	0.19527945202767422
fnr	glmS	0.3784924272997144
fnr	glnK	-1.9024253430267077
fnr	glnS	0.25886028486647134
fnr	glpD	-0.43162497725025
fnr	glpX	0.3093168348170064
fnr	gltI	-0.7027586805143575
fnr	gntU_1	0.3648284055390714
fnr	gpmA	-1.3237129159248158
fnr	gpt	0.3847708803165165
fnr	grcA	2.778701831849676
fnr	grxB	-0.7782810365974245
fnr	gsiD	0.30010097329376945
fnr	gstA	-0.3427327992086917
fnr	gstB	-0.2908536419386696
fnr	gutM	-0.3707707418397525
fnr	gutQ	0.19606632443125135
fnr	hchA	-0.8483101641938627
fnr	hcp	0.939886407517308
fnr	hcr	0.6601747002967457
fnr	hda	0.33306051038576806
fnr	hdeA	-0.9928527814045379
fnr	hdeB	-1.0229261918892318
fnr	hdeD	-1.3885773570721835
fnr	hdhA	-0.7584473867458109
fnr	hisA	-0.42792259149356887
fnr	hisB	-0.519161000989137
fnr	hisC	-0.649845550939668
fnr	hisD	-0.6784579584569926
fnr	hisF	-0.48832377448069786
fnr	hisG	-0.686481821958454
fnr	hisH	-0.42761040751731916
fnr	hisJ	-0.9524812462907996
fnr	hmp	-1.066233663699303
fnr	hpf	-0.3558159663699382
fnr	hsdR	0.4699255727002917
fnr	hslR	-0.2492126172106848
fnr	htrL	-0.49284532344213877
fnr	hupB	0.5080635430267135
fnr	hybA	0.8724563916913932
fnr	hybC	0.5309917210682483
fnr	hybD	0.3298128150346114
fnr	hybG	0.3196683382789377
fnr	hypB	1.0164819901088145
fnr	hypC	0.8841367457962342
fnr	hypD	0.874568300692383
fnr	hypE	0.37209769337290305
fnr	hypF	0.26498958654796795
fnr	idi	-0.5097689851632038
fnr	ihfB	-0.3543439169139693
fnr	ilvA	0.39360123639961025
fnr	iscR	-0.6111956379821942
fnr	ispH	0.18261077546984056
fnr	ivy	-0.8711597012858389
fnr	katE	-1.1811100830860823
fnr	katG	1.0257892917903086
fnr	kbl	-0.4562663165183097
fnr	kdgK	0.13638411275964574
fnr	kgtP	-0.7254496181997819
fnr	ldcC	-0.7089236597428393
fnr	ldhA	-0.7139842571711027
fnr	lexA	0.23769029475765452
fnr	lit	-0.28977265843719235
fnr	livF	0.2783524826903855
fnr	livM	0.44346633827892545
fnr	loiP	-0.459767301681496
fnr	lolA	-0.20571414045499653
fnr	lpxL	0.3249559129574652
fnr	lrhA	0.5271500237388677
fnr	lspA	0.2774042591493688
fnr	luxS	-0.30636763006923584
fnr	lysU	-0.299498011869424
fnr	macA	-0.2076038318496643
fnr	marA	-0.5853965914935663
fnr	mcbA	-0.5844153788328351
fnr	mcbR	-0.9317137962413571
fnr	mdh	-0.5368589851632123
fnr	mdoB	0.3435288031651973
fnr	mdoH	0.26150433234420717
fnr	mdtA	-0.25018058555885564
fnr	menD	0.2896505420376028
fnr	metA	0.7956507062314321
fnr	metF	0.9134759090009792
fnr	metI	0.7101501918892026
fnr	metN	0.7584482096933612
fnr	metQ	0.3775303897131465
fnr	mgrB	0.9454564747774392
fnr	minC	-0.22415573293770188
fnr	mlaA	0.18913127794264273
fnr	mlaF	0.23523725816023552
fnr	mlrA	-0.7114442235410401
fnr	moaA	0.22627324629080098
fnr	modA	0.4746821681503567
fnr	modB	0.5780957171117828
fnr	mprA	0.46945781404550196
fnr	mrr	0.2822163244312495
fnr	mscS	-0.6289250603362968
fnr	msrA	-0.43213203758655566
fnr	msyB	-0.8252093966369823
fnr	nac	-1.2251396676557884
fnr	nagB	-0.2432519406528271
fnr	nanM	-0.5128184510583624
fnr	napA	0.5841518832838672
fnr	napB	0.7385190049455989
fnr	napC	0.6095770722057418
fnr	napD	0.6756460929772551
fnr	napF	1.2120615667655987
fnr	napG	0.7185122433234259
fnr	napH	0.6110377982195859
fnr	narG	2.476042019782384
fnr	narH	1.9086554500494681
fnr	narJ	1.57987402176063
fnr	narK	1.3333776894164184
fnr	narP	0.3675926508407489
fnr	narQ	0.27170439169139526
fnr	narU	-0.791260223541052
fnr	narV	-0.49849205736894153
fnr	narW	-0.47625424134519867
fnr	narY	-0.6615874263105788
fnr	narZ	-0.6530461147576587
fnr	ndh	-2.527292280909999
fnr	nfo	-0.24468462116717524
fnr	nikA	1.168672977250245
fnr	nikC	1.0752966785361016
fnr	nikD	1.319122257329377
fnr	nikE	1.0311619723046495
fnr	nirB	2.3509653254203937
fnr	nirC	1.0766574104846602
fnr	nirD	1.9779446856577676
fnr	nlpD	-0.7094970029673388
fnr	nrdA	-1.2645673016815122
fnr	nrdB	-0.9218044945598478
fnr	nrdD	0.5533374856577653
fnr	nrdG	0.449506144411468
fnr	nrdH	-1.7645549851632085
fnr	nrdI	-1.6010510860534084
fnr	nrfA	1.6505009238377673
fnr	nrfB	2.4334490504451036
fnr	nrfC	1.6598575572700303
fnr	nrfD	0.7346610722057392
fnr	nrfE	0.3809327082096889
fnr	nrfF	0.5919052660731968
fnr	nrfG	0.4439965450049352
fnr	nuoA	0.8323757052423418
fnr	nuoB	0.7928349772502338
fnr	nuoC	0.7886437962413587
fnr	nuoE	0.7503514085064672
fnr	nuoG	0.5938569772502462
fnr	nuoH	0.6787917250247336
fnr	nuoI	0.7351109455984128
fnr	nuoJ	0.6410941899109669
fnr	nuoK	0.7066759109792251
fnr	nuoL	0.697186757665682
fnr	nuoN	0.5064119762611213
fnr	ompF	1.1292501147378786
fnr	ompW	1.0227218259149378
fnr	ompX	-0.48821345796243565
fnr	osmB	-1.0212233491592604
fnr	osmC	-1.5488168466864503
fnr	osmE	-0.8244180237388714
fnr	osmY	-1.9897803046488651
fnr	otsA	-0.9828606429277976
fnr	otsB	-1.2430683679525032
fnr	oxyR	0.15695901681503804
fnr	paoA	-0.6523320019782456
fnr	pdxH	0.25549398417405617
fnr	pdxY	0.3079717250247315
fnr	pepE	2.0504599940652737
fnr	pepQ	-0.217404413452023
fnr	pepT	0.8152915944609239
fnr	pfkA	0.35460398219585465
fnr	pgi	-0.5027047636003866
fnr	pgl	-0.562974023738878
fnr	pgsA	0.26294013452027254
fnr	pheA	-0.922240112759665
fnr	phnO	-0.27151849455984434
fnr	phr	-0.3109227082096962
fnr	pinR	-0.28942912759643435
fnr	pitA	0.9418078219584568
fnr	pka	-0.32521953709199086
fnr	plsC	0.1432281147378807
fnr	pmbA	-0.20294066271020494
fnr	pmrD	0.6411772542037644
fnr	pntB	0.49625800791296487
fnr	potA	0.578944419386747
fnr	potB	0.6293636419386798
fnr	potC	0.3659748921859477
fnr	potF	-0.6842179347180868
fnr	poxB	-1.0085580356083341
fnr	ppsR	-0.47290867853609553
fnr	prs	0.2938360811078368
fnr	psiF	-1.0789469554896
fnr	pspF	0.16605363006922977
fnr	pta	0.7710136538081084
fnr	ptsG	0.6067990464886208
fnr	purP	0.4715818674579545
fnr	purR	0.2013074065281889
fnr	pykA	1.4457733550939535
fnr	pyrB	0.661460045499482
fnr	pyrD	1.289136605341252
fnr	pyrI	0.7909948427299621
fnr	qmcA	-0.3333634698318552
fnr	qor	-0.6542838456973306
fnr	radA	0.23422625519287218
fnr	ravA	0.5215430919881349
fnr	rffC	0.22793978635015186
fnr	rffD	0.2566945064292734
fnr	rihC	0.332030611275967
fnr	rluB	0.28484845499503775
fnr	rmf	-1.0829794579624092
fnr	rph	0.22927467853610572
fnr	rplA	0.2442249614243354
fnr	rplK	0.2632905004945851
fnr	rpoC	0.252968991097922
fnr	rpoS	-0.7661382274975368
fnr	rsd	-0.47302374678537057
fnr	rseA	-0.3472328664688521
fnr	rsmA	-0.28991940850642145
fnr	rssB	-0.3386663442136412
fnr	rstB	0.6105431177052303
fnr	rzpD	0.3025847942631011
fnr	sbmC	-0.5893532799208935
fnr	scpC	0.24328772106824026
fnr	sdaB	0.24787053016815055
fnr	secG	0.49015701088030345
fnr	setA	0.29559256181996874
fnr	sfsA	-0.49984179821956815
fnr	sgrR	0.2219233590504358
fnr	slt	-0.415643485657764
fnr	smrB	0.15934021364986548
fnr	sodC	-0.8219929060336238
fnr	speG	0.2395908110781311
fnr	sra	-1.073385873392673
fnr	srlB	-0.6255930741839819
fnr	srlD	-0.6666321384767695
fnr	sseA	-0.3423369634025755
fnr	stpA	0.8247815232443118
fnr	sufA	-0.7307715905044473
fnr	sufB	-1.1028820731948517
fnr	sufC	-0.7175285420376006
fnr	sufE	-0.6325171829871292
fnr	sufS	-0.7926234460929874
fnr	sulA	-0.3248889574678484
fnr	tatC	0.41054523837785234
fnr	tesB	-0.3533121167161188
fnr	tktB	-1.1837887042532194
fnr	treA	-0.5221666567754889
fnr	trmI	-0.13553719683482726
fnr	tsaC	-0.16932986745795173
fnr	ttcA	0.3096418694361931
fnr	ttdR	0.5458710919881357
fnr	tusA	0.28991242136498035
fnr	tyrS	0.2722028724035476
fnr	ucpA	0.19490951928783093
fnr	udk	0.22715376656775738
fnr	uhpA	0.277024684470821
fnr	upp	0.9312681127596498
fnr	uraA	1.2595433372898126
fnr	uspB	-0.7417952205736928
fnr	uspF	0.44188223343223854
fnr	uxaC	0.22189104253212844
fnr	viaA	0.3872511177052457
fnr	waaQ	-0.18265720870424892
fnr	xylA	-0.3885419129574799
fnr	yadI	0.1569015272007982
fnr	yaeH	-0.4107578951533
fnr	yaeR	-0.5470801384767555
fnr	yafE	0.579380324431258
fnr	yahK	-1.0014091216617302
fnr	yahO	-1.092962597428318
fnr	yajG	0.4775322927794386
fnr	yajO	-0.6432895291790299
fnr	ybaA	-0.6869484233432295
fnr	ybaY	-0.9346833610286945
fnr	ybbB	0.20029856973294552
fnr	ybdH	0.2663761978239297
fnr	ybdL	0.6101784352126562
fnr	ybdR	-0.7183125855588538
fnr	ybeL	-0.7013004807121637
fnr	ybeZ	-0.2343831909001113
fnr	ybgA	-0.7128112660731943
fnr	ybgI	-0.21531916716122362
fnr	ybgK	-0.31203867853609674
fnr	ybgS	-1.2078648842729993
fnr	ybhP	-0.48736751730958033
fnr	ybiH	-0.34747464886252
fnr	ybiI	-0.8064004629080176
fnr	ybiJ	-0.7327392680514301
fnr	ybiO	-0.3842613590504463
fnr	ybiV	-0.3667694579624114
fnr	ybjP	-0.5812977507418118
fnr	ybjX	1.063862124629081
fnr	ycaC	-1.1598232126607166
fnr	ycaP	-0.4574943184965435
fnr	ycbJ	0.7532356458951553
fnr	yccM	0.585453335311568
fnr	yccU	-0.48238765776457104
fnr	ycdF	-1.0083976993076151
fnr	yceI	-1.5395195368941745
fnr	yceJ	-0.5911691236399542
fnr	ycfH	-0.4685271157270025
fnr	ycgB	-1.0240575825914928
fnr	ycgJ	-0.44606227695351774
fnr	ycgZ	-0.9015316993076148
fnr	ychF	0.21635366369930034
fnr	yciE	-1.4207614690998995
fnr	yciF	-1.570923469831858
fnr	yciG	-1.4397607873392724
fnr	ydcA	0.5967483165182951
fnr	ydcF	-0.2924262156280785
fnr	ydcL	-0.37443758456973636
fnr	ydcS	-0.47855897725024804
fnr	ydcV	-0.4610054777448088
fnr	ydeI	-1.3028034559841863
fnr	ydeJ	-0.7774741173095819
fnr	ydfO	0.4247280409495556
fnr	ydfZ	5.861331958456959
fnr	ydgA	-0.38957174085064267
fnr	ydhF	-0.42056742631057253
fnr	ydhO	0.27153168743818895
fnr	ydhS	-0.7413581444114888
fnr	ydhV	0.8423145340652886
fnr	ydhY	1.4944918100890199
fnr	ydiZ	-0.9707381721068218
fnr	ydjA	-0.4667412403560977
fnr	ydjN	0.5757158239366883
fnr	ydjX	2.0629989970326426
fnr	ydjY	1.7147592304648829
fnr	ydjZ	1.3075788328387743
fnr	yeaD	0.6355573986152353
fnr	yeaG	-1.3296909396636891
fnr	yeaH	-1.076795127596435
fnr	yeaO	-0.3147258832838911
fnr	yeaQ	-0.706415384767547
fnr	yebC	0.20138466073195407
fnr	yebF	-0.823681907022738
fnr	yebO	0.5827783936696354
fnr	yebS	-0.23986241740850692
fnr	yebV	-1.2000901206726122
fnr	yebZ	-0.43904876557862843
fnr	yecH	2.1291485281899223
fnr	yedI	-0.25672535113748357
fnr	yedL	-1.005189477744806
fnr	yedP	-0.6065356933729068
fnr	yedQ	-0.3011881068249257
fnr	yedS_1	-0.34128998615232314
fnr	yedX	3.069519660731949
fnr	yeeA	-0.2998847141444149
fnr	yeeY	-0.270619396636981
fnr	yegP	-1.1590367497527196
fnr	yegS	-0.9001333887240416
fnr	yehC	0.6825248447477654
fnr	yehD	1.9436335179624142
fnr	yehE	-0.815001347181005
fnr	yfaE	-0.6513007121661782
fnr	yfaH	0.15759958565380508
fnr	yfcA	0.23053248862514847
fnr	yfcC	0.6181500138476748
fnr	yfcG	-0.6693072997032546
fnr	yfcZ	0.7401798595450227
fnr	yfdC	-0.5473898259149421
fnr	yfdQ	-0.20353873546984882
fnr	yfeX	0.7329157922848797
fnr	yffO	-0.22394544807121708
fnr	yfgF	0.34948471125617436
fnr	yfiC	0.22309202373888823
fnr	yfiL	-0.5714302437190942
fnr	yfjU	-0.46641124233432973
fnr	ygaM	-1.0444481088031676
fnr	ygaU	-1.083312868447057
fnr	ygdG	0.22723248664688095
fnr	ygdI	-0.9910630464886278
fnr	yggL	-0.2634055707220561
fnr	yghA	-0.8695481384767618
fnr	yghB	0.2343779802176113
fnr	yghU	-0.4577810840751711
fnr	yghX_1	-0.3944795093966406
fnr	yghX_2	-0.9800872759643993
fnr	ygiW	-0.8665992087042483
fnr	ygjR	-0.3171010880316494
fnr	yhaM	0.1700875232443023
fnr	yhbO	-0.892417285855578
fnr	yhbS	0.3347205895153158
fnr	yhbT	0.6962517131552736
fnr	yhbU	1.7826938185954313
fnr	yhbV	1.2875928249258126
fnr	yhbW	-0.6649443382789239
fnr	yhcC	0.4262398850642905
fnr	yhcH	-0.5508664391691231
fnr	yhcN	-0.32560494559840836
fnr	yhcO	-1.025445182393666
fnr	yheU	-0.22847317705241785
fnr	yhfG	-0.9412319604352042
fnr	yhfK	0.11707758061324268
fnr	yhhA	-0.7910734480712126
fnr	yhhS	0.23488856181997572
fnr	yhjA	0.43627021562810525
fnr	yhjD	-0.6740777408506405
fnr	yhjY	-0.3581419802176034
fnr	yiaG	-1.3934498615232462
fnr	yibA	-0.3351006049455924
fnr	yibF	-0.5185572443125648
fnr	yieP	0.41724746191889167
fnr	yigW_1	0.399381942631048
fnr	yjbJ	-0.8832909139465907
fnr	yjbQ	-0.7806308011869595
fnr	yjbR	-0.5598630365974414
fnr	yjcD	0.6031187477744783
fnr	yjdC	-0.49385294164193827
fnr	yjdI	-0.8174734975271902
fnr	yjdJ	-0.925183374876359
fnr	yjdK	0.7425925495311563
fnr	yjdN	-1.1079648209693294
fnr	yjfY	-0.5391791869436198
fnr	yjgH	-0.6115807556874187
fnr	yjgR	-0.4332757052423265
fnr	yjiK	0.5066881297725053
fnr	yjiL	0.9264779327398505
fnr	yjiM	1.3710464708209675
fnr	yjjB	0.8950015775667588
fnr	yjjI	1.718763912957479
fnr	yjjP	0.7680565205716999
fnr	yjjW	0.5065826073194789
fnr	ykgC	-0.8609507727002954
fnr	ykgF	-0.588342514342233
fnr	ykgI	-0.4047631737072302
fnr	ylaC	-0.5620837685459965
fnr	yliE	0.5181501641938655
fnr	ymfA	0.4466465833036682
fnr	ymgA	-0.7400244925816052
fnr	ymgC	-0.5001643382789287
fnr	ymgE	-0.6616533115726981
fnr	ynaE	-0.6326971635212715
fnr	yncG	-0.5576501603363082
fnr	ynfD	-0.7444566864490696
fnr	ynfE	2.265252387734914
fnr	ynfF	2.654882449060334
fnr	ynfG	2.155666134520274
fnr	ynfH	1.2038390148367906
fnr	ynfK	1.7638580019782317
fnr	ynhG	-0.7153218160237133
fnr	yniA	-0.49958984371908327
fnr	ynjA	0.6275934243323432
fnr	ynjB	0.6363168031651902
fnr	ynjC	0.7594529475766673
fnr	ynjD	0.5045217072205643
fnr	ynjE	2.1162789376854567
fnr	yoaC	-0.47039134322453185
fnr	yoaF	0.1974959584569696
fnr	yobA	-0.6910630187932815
fnr	yodC	-0.8117374282888342
fnr	yodD	-1.0830060969337305
fnr	yohC	-0.8974162571711182
fnr	yohF	-0.6244269673590417
fnr	ypfJ	-0.17752170919880553
fnr	yphA	-0.4955658219584491
fnr	yqaE	-0.5109654460929846
fnr	yqjC	-0.8422790365974299
fnr	yqjD	-0.8678279109792204
fnr	yqjE	-0.8265962294757723
fnr	yrfG	-0.34058416023737986
fnr	ysaA	0.8702311295746763
fnr	ytfK	-1.2265068822551863
fnr	zipA	0.27333617804155563
fnr	znuB	0.26416990108802535
fur	aceK	0.45854116716120696
fur	ackA	-0.7228644213650371
fur	bfr	0.7423298021760448
fur	cptB	0.5252212215628053
fur	entA	-3.2453310781404543
fur	entB	-3.6175593867458353
fur	entC	-3.389180761622134
fur	entE	-3.950212407022742
fur	entF	-3.672304010880316
fur	exbD	-1.6705310237388462
fur	fepA	-3.70860505440158
fur	fes	-3.0294669881305745
fur	fhuE	-2.443079282888204
fur	fur	7.404866409495572
fur	gdhA	-0.9599107764589231
fur	gpmA	-1.6960854154302876
fur	grpE	-0.34231352621165395
fur	iscX	0.8314258209693035
fur	napD	1.5593976468842687
fur	nrdH	-3.2492198367952416
fur	nrdI	-3.040884475766566
fur	nuoG	1.3037231948565602
fur	nuoJ	0.939919188921856
fur	nuoM	0.9439960664688369
fur	ompF	0.8788693471810198
fur	rcsA	-0.6808780598417193
fur	recA	-0.7092954401582846
fur	recN	-1.3665010138476734
fur	sufA	-2.1000882937685263
fur	sufB	-1.8251382591493253
fur	sufC	-1.8040536978239687
fur	sulA	-1.4219671661721283
fur	wcaF	-0.6271449812067503
fur	ybaN	-0.44075577645893943
fur	yddA	-1.6793538971315485
fur	yhfZ	0.29962057368942513
fur	ymfP	-1.2939219238377901
gadE	aaeR	0.010632581602364688
gadE	aat	0.22124465875373733
gadE	ackA	0.07280589020770023
gadE	aidB	0.8656793175074098
gadE	aldA	-0.2414766913946087
gadE	allE	-0.11795967359052772
gadE	araC	-0.18081767062314302
gadE	arcA	0.32232458456973756
gadE	artI	0.04636538575669391
gadE	bioF	0.05205406528192125
gadE	can	0.07292366468841838
gadE	cbpA	0.7924803115727572
gadE	cbpM	0.6668498813055992
gadE	cirA	-0.26317694362015764
gadE	cnu	0.6302804599406393
gadE	cobU	-0.19267642433235244
gadE	corA	-0.08781394658754849
gadE	cyoC	-0.16640425816019988
gadE	dctA	-0.09320976261130465
gadE	dctR	0.685973175074178
gadE	dinG	0.08330673590502968
gadE	dnaK	-0.04899902077153406
gadE	ecoZ	0.10674519287833739
gadE	ecpE	0.1702399851632177
gadE	fiu	-0.22026071216616128
gadE	fklB	-0.09295771513355788
gadE	flu	0.655971127596489
gadE	frdB	-0.12096823442136806
gadE	gadA	4.1138014985163585
gadE	gadB	4.1643578931750405
gadE	gadC	3.5699227448071262
gadE	gadE	6.736130293768537
gadE	galS	0.17341814540056433
gadE	gapC_2	0.13304442136505124
gadE	gatB	-0.16322703264092464
gadE	gatC	-0.19298716617209255
gadE	gatD	-0.18822925816023162
gadE	gltA	-0.13190194362020335
gadE	glyA	-0.03794409495547235
gadE	gsk	0.06276529673592712
gadE	gudP	-0.22606596439169557
gadE	hdeA	4.8584610534124915
gadE	hdeB	5.611226379821959
gadE	hdeD	3.806206824925832
gadE	hlyE	-0.3002595252225855
gadE	hokD	0.3880642433234076
gadE	hycE	0.33231626112760004
gadE	hyuA	-0.09441140949552285
gadE	ileS	-0.011714050445105428
gadE	ilvB	-0.3064408011869624
gadE	ilvC	-0.11889146884266388
gadE	ilvE	-0.13204781899108298
gadE	ivbL	-0.4085683234421107
gadE	kch	0.3226002225520066
gadE	lexA	-0.060794569732911974
gadE	lolC	0.11958103857565128
gadE	lptG	0.053655860534149724
gadE	manZ	-0.14558489614248238
gadE	mcbR	-0.05682508902074801
gadE	metB	-0.046301557863491105
gadE	moaE	-0.14241805637981209
gadE	motB	0.30205606097921756
gadE	mrdB	0.043991290801228544
gadE	mtr	0.04812409495552927
gadE	narG	0.05100735905042786
gadE	narZ	-0.09815359050444794
gadE	nei	0.18677998516321992
gadE	norV	-0.11142253709201766
gadE	nsrR	-0.06643727002966848
gadE	ompA	-0.19274629080114813
gadE	ompC	0.19274629080114813
gadE	ompF	-0.37350850148359793
gadE	otsA	0.08650575667659322
gadE	oxc	-0.1339536350148247
gadE	pflB	-0.007291869436320653
gadE	pgaD	-0.22944169139465354
gadE	pheA	-0.08368848664686634
gadE	phoH	-0.24727667655784114
gadE	pntB	-0.11868316023732817
gadE	polB	0.09266777448071073
gadE	potD	-0.06528289317505731
gadE	proC	-0.05432437685455316
gadE	proW	-0.12639977744806874
gadE	pstC	-0.18330317507418048
gadE	pyrB	-0.07968154302671948
gadE	pyrD	0.09254759643914756
gadE	pyrI	-0.13954074183977472
gadE	rarA	0.10163980712167753
gadE	recC	0.04999544510387732
gadE	rffH	-0.11552513353121086
gadE	ridA	-0.11489219584571408
gadE	rlmF	-0.05083133531157369
gadE	rlmJ	0.060056973293765914
gadE	rne	0.05044037091980691
gadE	rplR	-0.09284212166173145
gadE	rplS	-0.07509497032638457
gadE	rplV	-0.15882219584579005
gadE	rppH	0.10080784866466175
gadE	rsmB	0.06993335311574622
gadE	rutF	-0.4124720178041703
gadE	sapA	0.10730394658753273
gadE	sdhC	-0.14900172106824172
gadE	secD	0.0446396439169936
gadE	sucD	-0.21391146884267265
gadE	sufS	0.07758228486644558
gadE	syd	-0.06326821958454065
gadE	tdh	-0.06385784866467503
gadE	thiE	-0.12183562314544272
gadE	thiP	-0.06222688427301559
gadE	thrA	-0.1510329228486995
gadE	tonB	0.029129228486642234
gadE	torT	-0.12175959940656123
gadE	trpE	-0.0607297477745119
gadE	ubiD	-0.04625738872402163
gadE	uspE	0.15405740356082376
gadE	uxaA	0.1365052670623239
gadE	wbbH	-0.08549759643915333
gadE	wcaF	-0.322484252225514
gadE	yafX	0.17038744807122796
gadE	yahA	-0.2228985905044336
gadE	ycaC	0.12262173590498282
gadE	ycaP	-0.12436050445102298
gadE	ycgM	-0.09453964391692171
gadE	ychE_1	-0.24399207715130977
gadE	ydbK	0.04096130563791878
gadE	ydcW	-0.09827523738872923
gadE	ydgH	-0.09046200296740103
gadE	ydhF	0.10006028189912275
gadE	yedS_3	0.3147663946587942
gadE	yeeZ	-0.09638458456969001
gadE	yehE	0.13395617210682964
gadE	yfdE	-0.11295479228487526
gadE	yffB	-0.27601452522255077
gadE	yffO	0.1286391394658697
gadE	ygbN	0.18599412462910436
gadE	ygeR	-0.22253881305638323
gadE	yhaJ	-0.1329873442136318
gadE	yhbY	0.10173867952522819
gadE	yhcG	0.12663940652819106
gadE	yhhX	-0.06575566765576646
gadE	yhiD	2.892592388724049
gadE	yhiM	1.6166843916914324
gadE	yiaU	-0.08607560830859029
gadE	yibI	0.10461847181009132
gadE	yjaG	0.07302160237385724
gadE	yjbR	0.238041246290833
gadE	yjdI	-0.36386676557863673
gadE	yjiG	0.322359673590527
gadE	yjiL	0.3586873145400573
gadE	yjiS	-1.5864137735905097
gadE	yjjU	0.49399041543025035
gadE	yjjY	0.500272848664645
gadE	ykfF	-0.18675084569736455
gadE	ykgH	-1.654399694361995
gadE	yneE	0.03585501483676179
gadE	yohH	-2.1166732151335443
gadE	ypjM_2	2.2172836913946683
gadE	yqhC	-0.07828529673588092
gadE	yzfA	0.09370394658754844
gadE	zapB	-0.12328679525221897
gadE	zapC	-0.07124097922848449
gadE	zinT	-0.32539962908012
gadE	zntA	0.27322416913946945
gadW	alaS	0.08328777448065239
gadW	alpA	-0.40667280148367135
gadW	arnA	-0.19923829376855062
gadW	arnC	-0.33508135014837626
gadW	aroF	0.11542670623148688
gadW	atpB	-0.03289096439165462
gadW	b0725	-0.29609470326413145
gadW	b2084	-0.018371750741854598
gadW	b2596	-0.026803249258128936
gadW	bglJ	1.3599048367952413
gadW	borD	-0.19057221068255004
gadW	cbrB	-0.11554470326411215
gadW	ccmB	0.1857933531157565
gadW	cirA	1.068351765578651
gadW	cusA	-0.4432132492581373
gadW	cusB	-0.4587765133531101
gadW	cusC	-0.5461093323442503
gadW	cusF	-0.6580484866469107
gadW	cybC	-0.10023063798216825
gadW	dfp	-0.16821774480712293
gadW	dinB	-0.06580262611279197
gadW	dnaK	-0.12169356083082938
gadW	efeB	0.9773580860533668
gadW	efeO	1.2180294213649656
gadW	efeU_2	1.1791537833828194
gadW	entA	0.9358989169139456
gadW	entB	1.3643713798219466
gadW	entC	2.099417195845712
gadW	entE	1.6897636053412235
gadW	entF	1.2330832047477838
gadW	entS	1.4066509792285027
gadW	exbB	1.0124055786350272
gadW	exbD	0.8987100890207742
gadW	fadB	-0.1987730118694122
gadW	fadD	-0.11215224035604443
gadW	fdoG	-0.14647393175074352
gadW	fecA	0.4607905786350379
gadW	fecB	0.2315875667656062
gadW	fecI	1.0858681454005534
gadW	fecR	0.8522786498516268
gadW	feoB	0.5578878486646959
gadW	feoC	0.5323056676557361
gadW	fepA	1.261174569732959
gadW	fepC	1.053530059347195
gadW	fepD	1.2350402522255033
gadW	fes	1.981551679525182
gadW	fhuA	1.6211105786349886
gadW	fhuB	0.6174648367952509
gadW	fhuD	0.834676973293786
gadW	fhuF	1.649141661721102
gadW	fimI	0.31847045994063183
gadW	fixB	0.22636428783385076
gadW	flu	0.921833516320536
gadW	frdB	-0.05541359050440686
gadW	ftnA	-1.3467996735904917
gadW	ftsL	0.10254818991100922
gadW	fumB	-0.1948441097922773
gadW	gadX	-0.2666988872403744
gadW	gatB	-0.16314224035606184
gadW	gatC	-0.1530119732936912
gadW	glnD	0.09050178041542978
gadW	gloB	-0.10483060830861035
gadW	glpB	0.25514189005937604
gadW	gltA	-0.08640373887240038
gadW	gnsB	-0.259373056379844
gadW	gss	0.10272667655791867
gadW	hemB	0.03751037091987097
gadW	hslJ	0.1239851632047575
gadW	htpG	-0.17192120178040948
gadW	ibpB	-0.3020060682492449
gadW	intF	-0.24455050445102344
gadW	leuB	0.07095872403560666
gadW	leuD	0.12720071216619733
gadW	lexA	-0.09696313056376216
gadW	lhgO	-0.05050219584573323
gadW	malE	-0.3259737091987933
gadW	malM	-0.26431491097919046
gadW	malT	-0.10713391691394314
gadW	mdh	-0.06214624629080934
gadW	metC	0.09283951038574667
gadW	metH	0.10008204747774219
gadW	mglB	-0.29411943620180825
gadW	moaE	-0.12243591988127456
gadW	mreB	0.1221803857566357
gadW	mtgA	0.24052827893175888
gadW	narZ	-0.08445029673587268
gadW	nmpC	-0.30760534124625316
gadW	nrdE	0.6727465430267126
gadW	nrdF	0.6352027151335209
gadW	nrdH	0.856801157270044
gadW	nrdI	1.0730435905044429
gadW	oxc	-0.19696078635011993
gadW	oxyR	0.06691725519283054
gadW	paaY	0.02760216617210176
gadW	ppdA	0.2664918679525301
gadW	pqqL	0.23363657270029403
gadW	preT	-0.515494154302655
gadW	proC	-0.03836620178038341
gadW	recC	0.0778451632047501
gadW	rhaB	-0.5868034903708952
gadW	rhaM	-0.959552476261103
gadW	rhaT	0.38404909495553463
gadW	rimK	0.1526464688427156
gadW	rne	0.025185281899057443
gadW	sapA	0.0798007418397626
gadW	sdhA	-0.12982643916912817
gadW	sdhB	-0.21119921364981753
gadW	smg	0.1034222551929318
gadW	sodA	0.35607890207712956
gadW	soxS	-0.3434398367952678
gadW	sucB	-0.14344120178040054
gadW	sucD	-0.1904054451038686
gadW	sufB	0.3312147626112498
gadW	sufC	0.2961277002968039
gadW	sufS	0.30017902077153114
gadW	tldD	0.05419931750741025
gadW	tonB	0.8143656231453953
gadW	trmA	0.012993278931732632
gadW	trpE	-0.033768783382806866
gadW	truB	-0.061285445103841596
gadW	uhpA	0.11294584569734312
gadW	uraA	-0.06143878338281894
gadW	uvrC	0.057200400593449
gadW	waaG	-0.07957381305638744
gadW	xanQ	-0.32067660237385587
gadW	xseA	0.0671195994065279
gadW	yafP	0.28909686943616464
gadW	yahA	-0.1478937388723569
gadW	yaiI	0.18112768545993507
gadW	yaiS	-1.781466581305633
gadW	yajO	0.061713590504423266
gadW	ybdF	-0.1804337833828007
gadW	ybfD	1.8655127507418525
gadW	ycbL	0.12291694362014738
gadW	yddE	0.07554140949558175
gadW	ydhC	-0.06969713649848508
gadW	ydhF	0.01590416913949344
gadW	yeeD	0.1599656676557739
gadW	yegP	-0.0773574629079814
gadW	yfaE	-0.12195844213648321
gadW	yfcO	-0.08897418397622925
gadW	yffB	-0.22216501483679796
gadW	yffP	-0.245267626112756
gadW	yfgG	-0.3953678783383108
gadW	yhaL	-0.2994287685459751
gadW	yjhU	0.08832792284863089
gadW	yjiG	0.11610249258160898
gadW	yjiY	0.4335145845696795
gadW	ylaC	-0.1258877002967269
gadW	yncE	1.1064879821958833
gadW	yojI	0.563672329376864
gadW	yphD	-0.22556694881305184
gadW	yqjH	0.6139840801186471
gadW	yrbG	0.0978888130563993
gadW	yrbL	0.3642702670623512
gadW	yrhB	0.6580633679525438
gadW	ysaA	-0.05465899109791117
gadW	ytfR	-0.11415823442137141
gadX	acpS	-0.1113998664688216
gadX	agaR	0.11574572700298447
gadX	aidB	0.2895741543026489
gadX	ampC	-0.17663421364979914
gadX	argA	0.1897442433234504
gadX	argB	0.2411118545994011
gadX	argE	0.10167805637983385
gadX	arsR	0.6439132344213734
gadX	cbpA	0.29423198813057905
gadX	cnu	0.24638771513348878
gadX	corA	-0.06678028189913654
gadX	csgD	0.40931086053415466
gadX	csgF	0.3939399109792223
gadX	csgG	0.3853755489614139
gadX	dicF	0.6377442181008846
gadX	ecpA	0.06276686943621579
gadX	emrK	-0.3514522403560978
gadX	entA	0.4365845252225249
gadX	entE	0.39136928783380753
gadX	envZ	-0.23084057863503382
gadX	eutB	-0.0824498813056298
gadX	feaR	-0.25592028189912375
gadX	fecI	0.3665380415429915
gadX	fepA	0.4034200890207691
gadX	ffs	-1.1911873857566726
gadX	fhuA	0.4392120029673219
gadX	fhuF	0.27059459940656705
gadX	fiu	0.3701064391691471
gadX	fklB	-0.12933173590507074
gadX	flu	1.1799059940653223
gadX	folA	-0.12898823442139484
gadX	frc	-0.4815376409495844
gadX	frdB	-0.04851799703263193
gadX	frdC	-0.2192454896142637
gadX	ftsI	-0.07465694362020514
gadX	ftsK	-0.06234888724036747
gadX	ftsL	0.23352554896143207
gadX	gadA	0.49185495548963054
gadX	gadB	0.6627986498516263
gadX	gadC	0.6507972997032585
gadX	gadE	0.6042031305638007
gadX	gadW	-1.5633489614243432
gadX	gadX	6.22760479080119
gadX	gapC_2	-0.12910366468840984
gadX	gdhA	0.3590449109793159
gadX	glpD	0.04008648367950007
gadX	glpF	0.20354314540059582
gadX	gltL	-0.23008341246292474
gadX	glyA	-0.09999919881305175
gadX	grcA	-0.14517618694360745
gadX	gshB	0.052013056379830225
gadX	hdeB	0.7056806083086178
gadX	hinT	0.21394391691391768
gadX	hisC	-0.1688597032640864
gadX	hisJ	0.2101522700296652
gadX	hofC	0.18272231454006338
gadX	hsdM	-0.0094805489614318
gadX	ibpA	0.34900968842732016
gadX	ileS	0.06591086053416895
gadX	ilvL	-0.3890169732937654
gadX	ilvY	0.10278824925813668
gadX	iscR	0.26920654302670677
gadX	katG	0.11422998516324512
gadX	livF	-0.1075202225519245
gadX	lpd	-0.07580998516318793
gadX	lpp	0.15004183976256336
gadX	lpxL	-0.06163669139465444
gadX	lsrG	-0.28793477744806406
gadX	malI	-0.06990943620177648
gadX	malT	-0.10694799703262525
gadX	mdtE	0.4348200890208007
gadX	metB	0.1800876261127824
gadX	metE	0.08392017804153085
gadX	mmuP	0.14469621661717946
gadX	mreB	0.03882887240356858
gadX	narG	-0.3003841988130853
gadX	narK	-0.3341053560830556
gadX	narW	-0.23665212166171345
gadX	narZ	-0.2476356379821505
gadX	ndh	0.20575931750744658
gadX	nhaA	0.22826486646883737
gadX	norR	0.05009577151334099
gadX	nrdE	0.26405051928782175
gadX	nupG	-0.11006376854599909
gadX	ogrK	-0.317018308605336
gadX	ompF	0.15657026706232724
gadX	oxc	-0.4303709792284618
gadX	paaK	-0.09517400593473502
gadX	pepB	-0.10810741839761828
gadX	polB	0.07250408011865561
gadX	ppsR	-0.030704896142457194
gadX	recC	0.07479749258157309
gadX	rfbB	-0.09887189910985228
gadX	rffE	-0.0920422997032162
gadX	rhaT	0.17330734421367522
gadX	rnd	-0.12616956973292215
gadX	sdhA	-0.19580956973294317
gadX	sdhB	-0.18513040059339847
gadX	slp	0.8377077299704085
gadX	sodA	0.0620551038575794
gadX	soxS	-0.12293069732939799
gadX	spy	-0.16915456973290333
gadX	sucB	-0.16911222551926652
gadX	sucC	-0.12849459940647545
gadX	sucD	-0.21744410979227347
gadX	sufC	0.17648859050446575
gadX	tdcE	-0.12289547477745799
gadX	ttdA	0.4807801277447883
gadX	ubiB	-0.1822199406528222
gadX	umuC	-0.2555467952522128
gadX	waaP	-0.17611722551929
gadX	yafC	0.041589347180993386
gadX	ybaO	0.09503479228487555
gadX	ybaS	0.402144910979235
gadX	ybaT	0.5565962166172103
gadX	ybgJ	0.13649461424332987
gadX	ybhG	0.03009956973291672
gadX	yccE	0.4005036023738704
gadX	ycfL	0.15142657270029858
gadX	ycjP	0.9339728813056496
gadX	ydaM	0.2637937091988354
gadX	yddE	-0.04193856083082359
gadX	ydeP	-0.3208551038575349
gadX	ydfV	-0.25463642433235334
gadX	yeaR	-0.20982859050444613
gadX	yecC	-0.10165323442140828
gadX	yecE	-0.2131589465875452
gadX	yedL	-0.18129682492580956
gadX	yeeR	0.5097181899109975
gadX	yegV	-0.04569206231454004
gadX	yehC	-0.5796747240355968
gadX	yejG	-0.15522940652817407
gadX	yfdE	-0.3372598664688562
gadX	yfdX	-0.4795141839762138
gadX	yffQ	0.421416854599427
gadX	yfgG	-0.4013185756676645
gadX	ygeQ	-0.1431767952522276
gadX	ygiB	-0.0824700445103499
gadX	yhcM	0.07272324925814644
gadX	yhdH	0.1398638278931683
gadX	yhgN	0.10499563798219391
gadX	yhhZ	0.5938342210682623
gadX	yhiM	0.5315146439169665
gadX	yidC	-0.10319710682492733
gadX	yjbI	1.0607913709198735
gadX	yjhU	0.20002422848665447
gadX	yjiP	0.4967747181008737
gadX	ykfG	0.2680587685459592
gadX	ynaI	-0.39357091988128534
gadX	yncE	0.38815697329382814
gadX	ynjF	0.22645366468842987
gadX	yohD	0.08867928783379231
gadX	yqgD	0.8987631008902088
gadX	yqjG	0.10565246290799823
gadX	yrbL	0.20581744807126068
gadX	ytfK	-0.18981770029679534
hns	aaeA	0.7992468281629425
hns	abgB	0.7189998462368554
hns	accB	0.7788446021041388
hns	adiA	-1.640251081737277
hns	adiC	-2.823965553277574
hns	aer	1.0238077771783496
hns	agp	-0.782975257620691
hns	ais	-2.4970412953870973
hns	alsB	-1.4505371567304992
hns	amiA	1.092633288373333
hns	amyA	-0.8383145103857366
hns	appA	-1.7037008497437198
hns	appB	-2.223407388724045
hns	appC	-2.1598091556514727
hns	appY	-3.569693328567557
hns	aqpZ	-0.5790981575397627
hns	arfB	0.2675909765308821
hns	argT	1.5248443188562228
hns	arnA	-2.5717124008632557
hns	arnB	-2.6735978338278965
hns	arnC	-3.2747539196115607
hns	arnD	-2.2255757054221736
hns	arnT	-1.5531268923657882
hns	aroB	0.5874452495279296
hns	aroC	0.8084080577286484
hns	aroF	-0.33679961154572474
hns	aroG	0.3764791367683015
hns	aroL	1.5077579956838585
hns	aroP	0.811709026166697
hns	asd	0.4674085163204825
hns	aspS	0.49938151874830067
hns	atoC	0.4550769544105677
hns	atoD	1.2359675390342553
hns	atpA	1.1564227974103287
hns	atpB	0.9859351685999465
hns	atpE	0.9108064742379249
hns	atpF	1.012595495009434
hns	atpG	0.9518284812516961
hns	atpH	0.9467675829511616
hns	avtA	1.0350137874291712
hns	bamA	0.44036177232261875
hns	bcsG	-0.6850499649312117
hns	bcsQ	-0.7925970596169424
hns	betB	1.35375894362018
hns	bioB	1.1175308195305975
hns	bssS	-1.4195249878607745
hns	btuB	1.508888891286726
hns	can	0.5434009738332886
hns	carA	1.6975036698138646
hns	carB	0.8954495656865356
hns	cas1	-2.610991777717832
hns	cas2	-2.9677300431615934
hns	cas3	-2.0067677685459637
hns	casA	-3.821276840302134
hns	casB	-5.260708842999723
hns	casC	-3.3790803126517517
hns	casD	-3.211389929862423
hns	casE	-2.8727461451308325
hns	cdh	0.5959184920420718
hns	chaA	-0.812664000539501
hns	chaB	-1.5608322255192613
hns	chaC	-0.9946675640679629
hns	chbR	-0.7621219854329631
hns	chiA	-0.8123010925276588
hns	cnu	-1.6563328108983044
hns	coaA	1.2418690639331222
hns	codA	0.5960393552738142
hns	codB	0.9766427585648626
hns	cpdA	0.9975684299972827
hns	cra	0.8261798678176276
hns	crl	1.0892902319935351
hns	csgA	-2.838659446992185
hns	csgD	-2.4399578325330267
hns	csgF	-2.9148735940652926
hns	csgG	-1.727730199622348
hns	cspC	-0.4942736309684774
hns	cstA	2.0238185918532214
hns	curA	-0.9906451227407502
hns	cutA	1.0790745832209405
hns	cyaA	1.1025111275964579
hns	cybB	0.7992297518208692
hns	cydD	0.9329638926355734
hns	cysE	0.4186032613973658
hns	cysZ	0.7644016590234629
hns	dacC	-0.6360934475316836
hns	dcm	0.7180850741839947
hns	dctA	2.2345974480712254
hns	dctR	-1.7379771742864911
hns	dedA	0.7980723657944266
hns	def	0.38566690045860336
hns	dhaK	1.0057278392231124
hns	dhaL	0.9690798327488604
hns	dhaM	0.8867400458591994
hns	dinD	0.9892609900188631
hns	dinG	0.7960286592932504
hns	dipZ	1.0768165659562916
hns	dnaB	0.9540295441057598
hns	dnaG	0.4176460884812304
hns	dnaX	0.6961475910439695
hns	ecpA	-3.684730857836526
hns	ecpC	-1.0429936633396293
hns	ecpR	-2.6146442233612137
hns	efeB	0.8619000779066492
hns	elaB	-1.5045607876989378
hns	elfA	-4.778069724575129
hns	elfC	-2.777750118694342
hns	emrY	-3.0237557622660005
hns	epd	0.639777893175047
hns	eutC	0.9502134502293089
hns	evgA	-0.9647172826544291
hns	exuR	0.46809941462099386
hns	fabR	0.5964437011060117
hns	fadD	0.8354591151874696
hns	fadE	1.4528755300782352
hns	fadK	0.5972844510385863
hns	fau	0.9381484084165321
hns	fbaB	-0.6798093363906271
hns	fdrA	-2.6561655198273524
hns	fdx	0.669168586458046
hns	fhuC	0.9697993067170197
hns	fimB	-3.8694361467493774
hns	fimE	-3.0040228939843767
hns	fis	0.45247057458862455
hns	fldB	0.867820636633398
hns	flgA	1.5393499956838412
hns	flgJ	1.4815060603722676
hns	flhA	0.9153334556244836
hns	flhC	1.8155872932829835
hns	flhD	1.0421119692473737
hns	fliJ	1.5259310467763667
hns	fliL	2.053079476665763
hns	fliO	2.1027773704882637
hns	fnr	1.0182678419206832
hns	folE	0.6399741947666776
hns	folP	0.6881870650121512
hns	frsA	0.7720239304019381
hns	frwB	0.5403516347450814
hns	fsaA	0.7733211977339823
hns	ftsA	0.4506165416779266
hns	ftsP	0.8749894901537675
hns	ftsQ	0.46320421095224984
hns	ftsZ	0.5168321904504837
hns	fucA	-1.7336467132452207
hns	fucU	-0.5275632506069671
hns	fumA	1.2828450849743762
hns	fumC	1.2833061046668328
hns	fur	0.603272190450505
hns	gadW	-2.207089120582684
hns	galE	0.7156725573239736
hns	galF	-0.717978276234155
hns	galU	-0.8599549797680115
hns	garD	-2.6409351011600046
hns	gatA	0.5250805907742468
hns	gatB	0.5683196412193253
hns	gatZ	0.6328171648232845
hns	gcvT	0.580438996493127
hns	glmS	1.0522420528729572
hns	glnA	1.0517321877529135
hns	glnD	0.8009314567035504
hns	glnE	0.7332942864850388
hns	glnK	1.5093574675371082
hns	glnL	0.7754106339357886
hns	glnP	1.8535417210143033
hns	gltF	-3.643338676989474
hns	gltP	1.0950009954140916
hns	gmk	0.6642039465875323
hns	gnd	-1.3971627434583447
hns	gpt	0.894024351227418
hns	gsiC	0.549707377933613
hns	gspC	-2.336868695468048
hns	gspE	-1.6462401510655573
hns	gspG	-1.7696385271108612
hns	guaB	1.1205192905314358
hns	guaC	1.0274384920420803
hns	gyrB	0.850943523064494
hns	hcaE	1.1090385459940608
hns	hchA	-2.2372719287833718
hns	hdhA	-2.1623328837335145
hns	hemC	0.764207979498255
hns	hemL	0.5856681791205869
hns	hemX	0.5547688831939289
hns	hflD	0.8806276342055516
hns	hflX	0.42405701915294797
hns	hha	-2.3048674588616263
hns	higA	0.5920657809549795
hns	higB	0.8795471534933887
hns	hisG	0.460849881305613
hns	hisJ	1.006550380361489
hns	hlyE	-4.838819408146741
hns	hns	5.814945182303717
hns	hofB	0.9160821122201063
hns	hofC	0.8309598408416323
hns	hpf	0.49511542756946947
hns	hscA	0.7228046938225046
hns	hscB	1.4766553520366967
hns	hsdR	0.9001201672511456
hns	htrL	-2.365691340706773
hns	hyfG	0.9466058831885626
hns	iadA	2.171787404909641
hns	iclR	1.0447695629889469
hns	idnD	-2.3208351632047504
hns	idnK	-2.1882006502589793
hns	idnO	-2.4251303401672852
hns	ilvC	0.9351650499055532
hns	ilvE	0.7277430455894579
hns	ilvM	0.9091492700296778
hns	insG	0.9491737820339974
hns	insL-1	0.5093318991098038
hns	insO-1	0.588805249527915
hns	iraP	-1.485632454815207
hns	iscA	1.2024650364176013
hns	iscR	1.7530457270029762
hns	iscS	1.5110690261667101
hns	iscU	1.1668046533585203
hns	ispB	0.6398095953601523
hns	ispD	0.7315941381170716
hns	ispU	0.8051944591313834
hns	katE	-1.0179297005665038
hns	katG	0.79542621526843
hns	kdsD	0.5980525842999739
hns	kefG	1.1973178845427486
hns	ldcC	-0.6877672646344658
hns	leuE	-0.7372143104936658
hns	leuO	-2.7045858187213185
hns	lexA	0.650374397086582
hns	lgt	0.7018058699757282
hns	lit	-2.3807087695171067
hns	livJ	1.2635405314270178
hns	lpoA	0.6895870785001527
hns	lptC	0.3580616563258738
hns	lpxC	0.8736229916374594
hns	lspA	0.5763455408685941
hns	malG	-0.8510408254653263
hns	malY	0.8232130933369368
hns	mcbR	-3.525929166441849
hns	mdfA	-0.4524477286215106
hns	mdtE	-1.7533984488804877
hns	mdtF	-1.541154343134648
hns	mdtG	0.8354671243593256
hns	mdtI	-1.6411871162665292
hns	melR	0.9678761416239852
hns	mepA	1.0121741435122784
hns	metA	1.4498695521985594
hns	metC	0.8600765551658914
hns	metE	1.8840195953601269
hns	metF	2.225781289236593
hns	metH	0.8990020690585343
hns	metI	1.335083835985991
hns	mlc	0.6723885953601032
hns	mltF	0.6976651289452404
hns	mngB	0.7435971756136964
hns	modB	1.0010400053952078
hns	modC	0.8531666846506926
hns	modE	0.8864437766387862
hns	modF	1.010944947396832
hns	motB	1.9849254022120226
hns	mppA	-0.7054611869436125
hns	mqo	0.7993840625842956
hns	mraZ	0.5126557458861889
hns	msbA	0.8441821985432809
hns	mtfA	1.1450181008902207
hns	mtr	3.50152241435122
hns	mukE	0.5656785918532671
hns	mukF	0.45499919611545664
hns	murD	0.3211627191799606
hns	murI	1.0507445022929631
hns	murJ	0.7369948421904744
hns	mutS	0.8825627434583161
hns	nadA	0.7842479363366742
hns	nadC	0.7039818046938305
hns	nagC	0.5354911383868199
hns	nanM	-3.250979017771792
hns	nanS	-2.824332103830588
hns	narQ	1.142916514701924
hns	ndk	0.9400449096304271
hns	nfrA	0.6142795845697238
hns	nlpE	0.46856425141622854
hns	nlpI	0.9228794092257634
hns	norR	0.6108336093876356
hns	nrdA	0.6611480091718551
hns	nrdE	0.7059852023199382
hns	nudB	0.590095770164549
hns	nuoB	1.056175732398187
hns	nuoC	1.003467701645535
hns	nuoE	0.6805086404100453
hns	nuoF	0.6800626004855844
hns	ogrK	-1.6678866900458487
hns	ompF	1.6564405071486272
hns	ompL	-1.7365677067170262
hns	ompW	1.9175379956838519
hns	osmB	-2.6880997734016265
hns	osmC	-1.9676451632047303
hns	osmF	-0.776119962233615
hns	otsA	-0.9361052117615313
hns	otsB	-1.0795960857836517
hns	oxyR	0.7174901996223316
hns	paaA	1.5960060733746888
hns	pabC	0.7664935311572811
hns	pagP	-2.775343717291629
hns	parC	0.5716152603183157
hns	pck	0.7987394685729142
hns	pcm	0.5022826004855623
hns	pcnB	0.5418055031022363
hns	pgaD	-1.8071422848664709
hns	pgl	-0.9754268734826244
hns	pinR	-1.9787770558403017
hns	pitA	0.7949199919072228
hns	pldB	0.7895399352575965
hns	plsC	0.7327663501483599
hns	pntA	0.5690983598597391
hns	poxB	-1.139345578635013
hns	ppiA	0.5511214459131465
hns	pptA	-2.0934184839493
hns	preA	-1.9205071783113106
hns	preT	-1.866443258699743
hns	priB	0.8123100080928185
hns	prkB	0.9102088346371637
hns	prlF	-0.5842795414081525
hns	prmB	0.698461364985187
hns	proW	-2.6609090909090924
hns	proX	-3.280948567574862
hns	pssR	0.5059112840572108
hns	psuG	-3.050601588885917
hns	psuK	-2.6915184272997013
hns	ptsN	0.5761410709468389
hns	ptsP	0.9907437820339741
hns	purB	0.8105283652549139
hns	purD	1.1667846263825081
hns	purF	0.6141678473159004
hns	purH	1.1275111410844418
hns	purL	1.4381916940922592
hns	purP	1.1250267251146377
hns	putP	0.9642365012139303
hns	puuD	1.1261757647693658
hns	puuE	0.9864912042082582
hns	pyrB	2.1513878651200193
hns	pyrH	0.8113032452117839
hns	pyrI	1.0283909954140706
hns	queA	0.43613321823575696
hns	queE	-0.9593582330725895
hns	queG	0.3279501052063789
hns	rbbA	1.4385254842190307
hns	rbsD	0.804830045859224
hns	rcsA	-3.4968304958186964
hns	rcsF	0.9188577717831177
hns	recG	0.8180533315349391
hns	recQ	0.9317314378203406
hns	relA	0.5931340571891013
hns	rfbX	-1.2559488481251646
hns	rfe	0.6821149851631968
hns	rho	0.9348537091988436
hns	rhoL	1.0032173401672535
hns	rhsD	-2.3113610013488004
hns	ribA	0.5456328513623242
hns	ribB	-0.666240110601553
hns	ridA	0.6720749177232341
hns	rlmD	0.6989206339358074
hns	rlmI	0.8157579687078265
hns	rlmJ	1.0703478203399017
hns	rmuC	0.6634582951173644
hns	rnb	0.48194707580256024
hns	rodZ	0.4789772619368733
hns	rph	0.8516971648233124
hns	rplB	0.9331504154302714
hns	rplC	0.8766142702994485
hns	rplD	0.9713780577285879
hns	rplE	0.8310232856757154
hns	rplF	1.0057902158078933
hns	rplI	0.7945274426760522
hns	rplM	0.812352994335047
hns	rplN	0.7732167601834452
hns	rplQ	0.7723738737523476
hns	rplR	1.0299806555165811
hns	rplV	0.8243251901807128
hns	rplW	0.932136897760989
hns	rplX	0.9116150391151507
hns	rpmD	0.8192697167520797
hns	rpmJ	0.7549563960075383
hns	rpoD	0.7103554572430549
hns	rpoN	0.38066679255462677
hns	rpoZ	0.5448627164823427
hns	rppH	0.9598335608308713
hns	rpsE	0.8084369193418293
hns	rpsF	0.8118160749932465
hns	rpsH	1.0004996304288523
hns	rpsJ	0.7999392905314326
hns	rpsK	0.8202512894523779
hns	rpsM	0.6507193552738086
hns	rpsN	0.7520655408686203
hns	rpsP	0.5554287321284157
hns	rpsR	0.7953337874292008
hns	rpsS	0.8372595683841407
hns	rsmG	0.7369839169139393
hns	rspA	0.7071517158348817
hns	rssB	-0.8127004693822464
hns	rtcB	0.3769598840032288
hns	rutG	0.6200986512004439
hns	sbcC	0.7791826382519638
hns	sbcD	0.8654551335311838
hns	secM	0.800056819530608
hns	selA	0.9432821284057308
hns	serS	0.6874335419476683
hns	sfmA	-3.903187530617738
hns	sfsB	0.6560998300512453
hns	sgrR	1.0066930347990453
hns	smpB	0.9704527542487157
hns	sodB	0.5728854464526573
hns	speE	0.9335477555975209
hns	spy	-2.0282560911788554
hns	sseB	0.7310236822227929
hns	sthA	1.8561639924467164
hns	sufA	-0.916111529538734
hns	surA	0.3889764472619579
hns	surE	0.7907212786619895
hns	tam	-0.520265969786876
hns	tdcR	-2.1000168141354254
hns	tdk	-1.1140168195306204
hns	tesA	0.3327886727812317
hns	tfaS	-1.3479056083085792
hns	tgt	0.42054462638252216
hns	thrS	0.7922242217426163
hns	thyA	0.8468495036417818
hns	tnaC	-2.680856563258737
hns	tomB	-2.2567897760992675
hns	torR	1.045446236849204
hns	torS	0.9862535861882814
hns	torY	-2.3143059058537925
hns	tqsA	-1.1006231750741582
hns	treA	-1.5610646614513122
hns	trmA	0.7422800998111435
hns	trmD	0.5216230590774202
hns	trmH	0.5743653628270803
hns	trmJ	1.1531782789317637
hns	trpA	1.4604579956838128
hns	trpB	1.9410293390882132
hns	trpC	1.8594735770164517
hns	trpD	2.004756722417054
hns	trpE	2.216771820393861
hns	trpL	3.0766536536282625
hns	truD	0.702956695441081
hns	trxB	0.824851057458891
hns	tsr	1.151289217696262
hns	ttdR	-2.032963040194216
hns	ubiE	0.6819797653088592
hns	udk	0.8017760399244545
hns	ugd	-2.249500798489346
hns	ulaE	0.964850776908544
hns	ulaG	0.767719799568379
hns	ulaR	0.8558329214998591
hns	uxuB	-0.3530259536012989
hns	visC	0.8188628864310814
hns	waaC	-0.650919268950652
hns	wzzB	0.3850430078230229
hns	xanP	0.5810811410844352
hns	xapR	-2.778902800107908
hns	xerD	0.7828567736714337
hns	xseA	0.6388733719989305
hns	yaaH	0.7820201969247571
hns	yacC	0.872968840032371
hns	yadG	0.701850434313475
hns	yadL	-2.326121232533035
hns	yadM	-2.4487756173725583
hns	yaeB	0.789289662800088
hns	yafK	0.7465876288103551
hns	yafS	1.0241893113029474
hns	yagE	1.1369367197194433
hns	yagK	-2.261117559751833
hns	yagL	-3.8423371776638833
hns	yahA	-2.030955640679796
hns	yahD	-1.6826673779336376
hns	yahK	-1.5468977340167276
hns	yahL	-2.6793009305637963
hns	yajG	0.6047858537901489
hns	ybaE	0.6773105826813867
hns	ybaS	-1.3633991421634788
hns	ybbC	-3.676628589155676
hns	ybbD	-3.8373820005934647
hns	ybcM	-3.047722522524966
hns	ybdH	1.1283959077421302
hns	ybdL	0.798175117345563
hns	ybeL	-0.8197061424332108
hns	ybeU	-2.9971297480442542
hns	ybfC	-2.591301949015379
hns	ybfF	1.0064004963582371
hns	ybfH	-3.276225391961152
hns	ybfN	1.2520867790666443
hns	ybgA	-1.009853838683554
hns	ybgO	0.5383936649042259
hns	ybhM	-1.4705473307256531
hns	ybiC	0.6001799622336321
hns	ybiR	1.1383061801996057
hns	ybjK	0.6786563987051383
hns	ybjS	0.688540304828718
hns	ycaI	0.8983831777717868
hns	ycaM	-0.5489519727542421
hns	ycbJ	0.488679730240078
hns	yccE	-3.415600384084166
hns	yccS	0.6920121769625142
hns	ycdT	-2.1363963960075627
hns	ycdU	-2.8433023158618624
hns	ycfJ	0.7395559347181039
hns	ycfQ	1.075406671162667
hns	ycgH_1	-4.367501125438355
hns	ycgH_2	-2.5512322632856916
hns	ycgV	-2.0253275532775987
hns	yciE	-4.046798907040723
hns	yciF	-5.069586854599393
hns	yciG	-5.1203556514702235
hns	ycjD	0.49504660938765943
hns	ydbC	-0.2466333962773165
hns	ydbD	-2.684986190450511
hns	ydcD	-3.256504340437019
hns	ydcL	-1.1355945400593663
hns	ydcO	0.7413705611006335
hns	ydcP	0.8267933342325429
hns	ydeH	-2.6246757860803784
hns	ydeI	-4.568897615322376
hns	ydeJ	-3.7286992818990883
hns	ydeO	-3.947540207121665
hns	ydeP	-3.663943270272432
hns	ydfJ	-1.8962867326679351
hns	ydgA	-0.5492226274615519
hns	ydgK	-1.1489607769085608
hns	ydhB	0.6732752333423374
hns	ydiB	-2.763305617156734
hns	ydiF	-2.4757878300512384
hns	ydiI	0.7435550822767631
hns	ydiN	-2.278190603075248
hns	ydjA	1.4513671405449138
hns	ydjG	-1.4436453076342
hns	yeaG	-0.7977580415429997
hns	yeaI	-3.9077943590504542
hns	yeaQ	-1.8413576503911302
hns	yedS_1	-2.039829293229067
hns	yedV	-1.823308606150527
hns	yedX	-1.1588930461019635
hns	yedY	-0.6908392959266295
hns	yeeN	-2.9639815646074505
hns	yeeR	0.6915682816293519
hns	yeeX	0.24295796601021766
hns	yegJ	-3.7648889527919818
hns	yegR	-4.126817572808215
hns	yegS	-1.5914210326409632
hns	yegW	0.9956526895063234
hns	yegZ	-2.998306444564304
hns	yehE	-1.9195006905853722
hns	yehI	0.4583717178311481
hns	yehY	-0.8544785379012542
hns	yeiE	0.4985394739681709
hns	yeiH	0.9521648475856407
hns	yeiI	0.5584602427839338
hns	yeiQ	0.7869113703803472
hns	yfaA	0.7827137118964196
hns	yfaP	1.4949019948206086
hns	yfaT	1.2552547631777868
hns	yfaZ	-0.7502592824386263
hns	yfbM	-1.9555629835446466
hns	yfbN	-3.1780113596708897
hns	yfbO	-3.3128165977879633
hns	yfbR	0.7424564256811567
hns	yfbS	1.1454249514432309
hns	yfcD	0.4920855084974621
hns	yfcG	-0.7400608740221167
hns	yfeD	0.6367120582681293
hns	yfeH	0.9378311977340075
hns	yffL	0.6155221877529026
hns	yfgG	-0.7282305988669922
hns	yfgH	-2.379295994065279
hns	yfhH	0.5438066738602564
hns	yfiL	-0.8639279079579019
hns	yfjM	2.437824361235499
hns	ygaM	-1.538245651470163
hns	ygaQ_4	-2.9073871708659342
hns	ygcU	-1.759153071486397
hns	ygdI	-1.2265241057459038
hns	ygfB	0.7222595602913509
hns	yggE	-1.090709765308915
hns	yggM	1.2671475816023967
hns	yggU	1.4764799860264188
hns	yghB	0.977375074183971
hns	yghR	-1.923862009711363
hns	yghS	-2.753591095252211
hns	yghX_2	-0.8418831130293891
hns	ygjP	0.8449397814944404
hns	yhbS	0.7360395845697449
hns	yhbV	0.4143988885891589
hns	yhcA	-3.0460598659293283
hns	yhdV	-1.4210952036687237
hns	yhfL	-2.513917447423806
hns	yhiI	1.2006038251955857
hns	yhiM	-3.3387581062853973
hns	yhjH	1.4528746539411836
hns	yhjR	-1.5720866792554637
hns	yiaG	-2.036489614243335
hns	yiaJ	0.6184267493930343
hns	yiaU	-2.2692169355273886
hns	yibA	-2.2745228003776456
hns	yibD	-1.5106933013218244
hns	yicH	0.6269710466684667
hns	yicO	-1.6102362233612297
hns	yidL	-1.38329263285674
hns	yidZ	0.7522648637712401
hns	yifO	1.067915968249256
hns	yigF	-2.7794282649042246
hns	yihF	-1.9572431804693833
hns	yihN	-1.2180928724035753
hns	yihO	-1.7859429334232708
hns	yiiF	-1.8498973614782854
hns	yiiS	-1.5301413191259507
hns	yijP	0.8069522174264866
hns	yjaH	1.1118399136768082
hns	yjcC	-0.8357453601294725
hns	yjcO	1.353868753709216
hns	yjdI	-1.8898543620178003
hns	yjdJ	-1.9881441893714615
hns	yjdK	-2.984747496897755
hns	yjeJ	-1.8009494440248226
hns	yjeP	0.6208858726733276
hns	yjfC	-1.533166031831679
hns	yjfJ	-2.024917945508503
hns	yjfL	-2.1309100345562437
hns	yjfM	-2.4512275459401067
hns	yjgB	-1.0459356433773872
hns	yjgM	-1.7856847073104887
hns	yjgN	-3.254325778257365
hns	yjhC	-3.3309514567035374
hns	yjhF	-1.5445889452387442
hns	yjhG	-1.994945071486354
hns	yjhH	-1.9947840733746958
hns	yjhI	-1.8358824144591248
hns	yjiC	-2.8244413585379076
hns	yjiG	2.8549593280820136
hns	yjjA	0.6470753628270994
hns	yjjP	-1.1753253574318692
hns	yjjQ	-3.1019143002427754
hns	yjjV	-0.4137533045589391
hns	ykfB	1.0658206555165755
hns	ykgC	-1.379948731588899
hns	ykgH	-3.240915978446204
hns	ykgI	-3.7192392107903998
hns	yliE	-1.3853845697329474
hns	ymgG	-0.8317369544105921
hns	ynaI	-1.381486298893978
hns	yncE	1.157854747774479
hns	yneG	0.5899707634205641
hns	ynfD	-0.6909273024008803
hns	ynfN	-2.490617337307793
hns	ynjI	-0.7197823674130196
hns	yoaC	-1.6209063933099779
hns	yodB	-0.9698891707580088
hns	yohF	-0.9909539330995435
hns	yphB	-0.44106400053951395
hns	ypjA	-2.110353177771797
hns	ypjB	-3.8414963438251815
hns	ypjD	0.7551324170488066
hns	yqaE	-1.6860411788508358
hns	yqeG	-1.1132256490963115
hns	yqeH	-3.1457324111356884
hns	yqeI	-1.6569094666846511
hns	yqgA	0.57319828162933
hns	yqgE	0.49723207175614414
hns	yqhA	0.9313179794982307
hns	yqhC	1.003185446452671
hns	yqiA	0.8583918316698117
hns	yqiB	0.6268178608038905
hns	yqiG	-1.393336228756416
hns	yqiH	-2.471027363096854
hns	yqiI	-1.9030961431885571
hns	yqjD	-0.6337207984893191
hns	yqjE	-0.6577270137577238
hns	yqjK	-0.44498793094150635
hns	yraN	0.4498466522794565
hns	yrdD	0.7445210008093128
hns	yrfF	1.1269957216077835
hns	yrhB	-3.751316534556238
hns	ytjB	0.9048802940383094
hns	zapC	-1.067859241974624
hns	znuA	1.440058969517114
hns	znuC	1.8238745851092417
hns	zraP	2.2035151443215466
hupA	hupA	3.738236106824909
leuO	adhE	-0.30551107484337753
leuO	allR	-0.2793085097263478
leuO	b1354	0.3480084049785909
leuO	btuB	-0.3399147840422092
leuO	carB	0.19594767227167922
leuO	ecpD	-0.19863271348499634
leuO	fdhE	0.08698489943950863
leuO	hflC	-0.1782075337949301
leuO	hycI	0.296609950544014
leuO	ileS	-0.20408280580283567
leuO	intS	-0.4085950115397056
leuO	ldhA	-0.2536115759973543
leuO	leuO	7.466993610286841
leuO	maeA	-0.5045364193867312
leuO	mlaC	-0.2712287932740058
leuO	mntR	0.24807126607320226
leuO	mtlR	0.1571620969337051
leuO	narX	-0.14208437850312844
leuO	nfsA	-0.24567182657432637
leuO	nirB	-0.44898143752060193
leuO	nuoM	-0.6498826772172848
leuO	pbpG	-0.2551504088361429
leuO	ravA	-0.3707214836795243
leuO	rcsD	-0.19658424002637767
leuO	ribB	-0.3044700791295786
leuO	rnlA	-0.1801515430266877
leuO	rrlG	-1.7763568394002505e-15
leuO	seqA	-0.22184454005934265
leuO	sixA	0.43178969666995354
leuO	tehB	-0.14690351137487528
leuO	trpR	0.10633142762941637
leuO	tus	-0.15146292120011592
leuO	wecH	-0.877550623145394
leuO	wzc	-1.0044114731552736
leuO	yceI	-0.19442275964389288
leuO	yciT	-0.2875653775140179
leuO	ydgA	-0.3362915430266891
leuO	yfiM	0.1905372667326164
leuO	yhbU	-1.155310670952832
leuO	yjdK	-1.4138514601384864
leuO	yoaH	0.2372469996703129
leuO	yqiB	-0.2721102340916644
leuO	yzgL	0.4090940323112407
nsrR	galF	3.996579703264113
nsrR	glpQ	-2.113223847675561
nsrR	glpX	-0.39302909000989433
nsrR	ompX	0.8433387042532269
nsrR	purC	1.7119072007913108
nsrR	rplC	1.143258338278948
nsrR	rrlG	-1.7763568394002505e-15
nsrR	yijE	0.40425364985163625
nsrR	ytfE	-5.887847368941682
oxyR	allA	0.4177136770524394
oxyR	bioD	-0.31951419634025574
oxyR	flu	-1.9435265356082851
oxyR	frmA	0.15391413204748453
oxyR	ftsK	0.20351415182986857
oxyR	glnD	0.17946440900098995
oxyR	lpp	0.39528301434222185
oxyR	metI	0.4140970524233312
oxyR	metN	0.4571160707220508
oxyR	metQ	0.3670515281898994
oxyR	nfsA	-0.3600730687438161
oxyR	oxyR	3.289785943125614
oxyR	phoQ	0.21799572700296266
oxyR	relB	0.14384902077152129
oxyR	rutA	0.2759480415430315
oxyR	trpA	-0.577404619188898
oxyR	trpB	-0.4579862215628075
oxyR	ybdH	0.2842414564787206
oxyR	yeeR	-1.6082362950049474
oxyR	yeeS	-0.4733808753709187
oxyR	yihA	-0.1985383555885146
oxyR	yihF	-0.46631582542036903
phoB	ahpF	2.902894053412494
phoB	amn	1.798454059347188
phoB	gfcC	-0.6880544747774368
phoB	iraD	-0.5847800545994017
phoB	iraP	1.3849169792284848
phoB	lpxP	1.1689874718101287
phoB	mdoB	-1.4842904029673378
phoB	mipA	2.3001256913946615
phoB	mtn	-0.697517364985169
phoB	phnN	2.774282824925802
phoB	phoA	5.463405008902106
phoB	phoB	4.842023607715135
phoB	phoE	5.085163442136502
phoB	phoU	3.608483584569714
phoB	psiE	2.1814028071216582
phoB	psiF	4.498205750741823
phoB	pstA	3.6606786112759737
phoB	pstB	3.8779500712166444
phoB	pstS	4.722681608308579
phoB	trxC	-1.3634616617210855
phoB	ugpB	3.1300405459940457
phoB	ugpQ	1.2144694243323761
phoB	yibD	3.848223418397663
phoB	ynaJ	-1.4038594005934795
phoP	aaeX	0.7584606132541939
phoP	artP	0.7935822354104598
phoP	b2653	-0.8202579505440145
phoP	cheW	-1.0345312858555598
phoP	clpX	0.3731523244312959
phoP	dtpB	-0.9076421463897327
phoP	elaB	1.6087199901088045
phoP	fic	1.3310786745796281
phoP	fimB	-0.5023958852620801
phoP	galS	-1.0665085855588377
phoP	hupB	-0.9519813550939992
phoP	icd	-1.1879170326409465
phoP	mglA	-1.4013742433234462
phoP	mglB	-1.5305074975271904
phoP	murI	-0.485985548961434
phoP	preA	0.48412699307617224
phoP	proP	0.9383035707220847
phoP	rlmG	-0.9615768249258307
phoP	rpsS	-0.9114476261127992
phoP	rrlG	-1.7763568394002505e-15
phoP	rsmA	0.41929207715131867
phoP	thiL	0.09550383778437421
phoP	uspF	0.46917911968348197
phoP	yaiA	0.8548439564787488
phoP	yccJ	1.461890781404536
phoP	ychQ	-0.5324157962413624
phoP	yciV	-0.692015756676622
phoP	ydaM	1.3006407715133868
phoP	ydfD	-3.6538831058357886
phoP	ydgA	0.8092023244312662
phoP	ydgK	0.6922075667656026
phoP	yeaG	1.648885291790296
phoP	yeaH	1.4767551236399263
phoP	yebV	0.9934117111770338
phoP	yhfG	1.5624492383778399
phoP	yhiD	2.5441016122650644
phoP	yjdI	1.4673380909990204
phoP	yjdJ	1.3620321364984733
phoP	yliI	0.9938429179030752
phoP	yqhA	-0.34431764589515507
phoP	yrfF	-0.4008734520276918
purR	bioC	-0.15876923738870152
purR	yehX	1.140908590504425
soxR	acpT	-0.11251734421365142
soxR	atoB	0.3815773275964444
soxR	caiB	0.2803356706231327
soxR	codA	-0.36539740949555044
soxR	cydD	-0.22669556676557293
soxR	feaB	0.35541741543028993
soxR	frr	-0.2135944094955448
soxR	frvX	1.1470669406528238
soxR	ftnA	-0.3512375400593214
soxR	fumC	2.5568040979228193
soxR	glcC	0.22091006231455418
soxR	glnS	-0.30475581899114096
soxR	glyS	-0.1864701691394984
soxR	hslJ	-0.3372215578635043
soxR	intF	0.19741666765576865
soxR	iscR	-0.3918976854599315
soxR	ispE	-0.3444675163204991
soxR	lipA	0.594536789317494
soxR	lpoA	-0.2676936409495596
soxR	mipA	-0.2673515994065248
soxR	mlaE	0.07593616023741738
soxR	nepI	0.8809845074183759
soxR	nuoA	0.6848107151335352
soxR	nuoB	0.6284123857566684
soxR	osmB	-0.3966870415429831
soxR	paoC	0.6109983798219764
soxR	purN	-0.30864007121659787
soxR	puuA	0.6382173679525465
soxR	puuC	0.7310956617210813
soxR	puuR	0.755038824925809
soxR	recQ	-0.2388071394658887
soxR	rfbC	-0.33404700890212274
soxR	rhaA	0.6830964421364977
soxR	rlmC	-0.21753015133529274
soxR	rnlB	0.21168771513354373
soxR	rseA	0.3225317863501168
soxR	rsmI	0.3262179436201354
soxR	soxS	3.8698752718101233
soxR	sppA	-0.28783379821957916
soxR	tppB	-0.49027107418399074
soxR	wcaC	-0.5758583768546124
soxR	wzzB	-0.36973169436203823
soxR	yciG	-0.5483418160237431
soxR	ycjM	-0.30765124569734076
soxR	ydbK	2.1858074213649545
soxR	ydcL	0.345541848664679
soxR	yfeA	-0.19320110682496291
soxR	yhcN	1.224853364985122
soxR	yhfS	0.3431420326409242
soxR	yhjA	0.3111936913946492
soxR	ymgA	0.9095673086053342
soxR	yqcC	-0.31602324332341214
soxR	ysgA	0.35896518397627786
soxS	lolE	0.32916263105837845
soxS	metQ	0.3057493966369931
soxS	nagA	0.20934359050443904
soxS	nlpE	0.3277085212660655
soxS	nrdH	-0.5901618892185869
soxS	panC	0.14016502472801248
soxS	pepD	0.2269285410484502
soxS	pspF	0.27346301681504653
soxS	relB	0.3153215825915045
soxS	rplX	-0.24817395153316232
soxS	rrsG	-1.7763568394002505e-15
soxS	soxS	1.5892239586992958
soxS	uhpB	-0.2561225717111493
soxS	yaeB	0.25877786350148807
soxS	yahM	0.2717214159742934
soxS	ybaK	0.2278277893175149
soxS	yccU	0.3826863155291698
stpA	adhE	-0.4556892210682384
stpA	appA	-1.4843566839762286
stpA	appB	-1.700496105341263
stpA	appC	-1.65286460682495
stpA	argR	0.4094178783382545
stpA	aroG	0.2733512982195472
stpA	aroM	-0.6471150148368181
stpA	bcsE	0.6430087091988157
stpA	bluF	0.6578747477744926
stpA	caiC	0.4221267655786418
stpA	cas2	0.6410139020771513
stpA	clpB	-1.0048852002967337
stpA	clpS	0.46718612017805006
stpA	crl	0.8190228412463041
stpA	cspB	0.5198112982195608
stpA	cyaA	0.4691280415430512
stpA	cysB	0.4703368323442203
stpA	dctA	1.1040648293768998
stpA	deoB	-0.3658112388724084
stpA	dnaJ	-0.809926290801211
stpA	dnaK	-1.1911041988130782
stpA	ecpC	-0.6634421587536947
stpA	elaD	-2.6146372885756435
stpA	eno	-0.4834318026706219
stpA	exuR	0.4168013501483574
stpA	fdrA	-1.6918228724035815
stpA	fliY	0.9164709792284689
stpA	fre	0.4761347997032783
stpA	frvR	-0.8172935379822006
stpA	ftnA	0.38515218842727705
stpA	fur	0.5327990949554882
stpA	galT	0.21791384272996028
stpA	gcl	-0.5349191468842693
stpA	glcF	1.5438301928783478
stpA	glcG	1.1050425222552396
stpA	glgB	0.2712061572700062
stpA	glgC	0.42399208456976467
stpA	glk	-0.1951502225519195
stpA	glmS	0.5276686350148418
stpA	glpX	-0.5027264094955455
stpA	glxR	-1.356069584569732
stpA	groL	-1.0570944807121752
stpA	grpE	-0.7638408976261046
stpA	hflC	-0.30977604599409725
stpA	hsdR	0.49713831602375036
stpA	hslU	-0.8194438204747687
stpA	hslV	-0.7289508011869406
stpA	htpG	-1.0232856676557978
stpA	hyuA	1.1882418842729754
stpA	ibpA	-0.5397298219584756
stpA	lptD	0.1638495474777737
stpA	lrhA	0.7601604673590594
stpA	malE	-0.7524543100890191
stpA	malF	-1.3688358308605393
stpA	manX	-0.4683551928783696
stpA	menB	-0.4588087833828203
stpA	menC	-0.39175657270028275
stpA	mocA	0.676410022255185
stpA	narG	-1.8186346661720632
stpA	narH	-1.8981364169139714
stpA	narI	-1.4369203709198803
stpA	narJ	-1.4845953264094875
stpA	narK	-1.5536603783382605
stpA	ogrK	-0.9071579970326187
stpA	ompF	1.0577591691394908
stpA	ompW	1.2128449703263886
stpA	pck	0.45608704747773743
stpA	pepN	0.29716061572705144
stpA	pflB	-0.7861154005934932
stpA	pldB	0.33280100890209274
stpA	prlC	-0.2232871884273151
stpA	pta	-0.3052279599406611
stpA	queG	0.1881540949554954
stpA	rbbA	0.7011494658753816
stpA	rbsD	0.3844414020771696
stpA	rcsB	0.32190840504450424
stpA	rcsD	0.3229209940652744
stpA	rffC	-0.34846747774479936
stpA	rimP	0.2503479376855191
stpA	rlmE	-0.24066492581603693
stpA	rlmH	-0.36559566023738554
stpA	rodZ	0.3065011795252559
stpA	rraA	0.22965020029679684
stpA	rspB	1.128828508902042
stpA	rtcB	0.27199126854598776
stpA	secG	0.4606447477744995
stpA	selD	0.3669868916914347
stpA	sfmA	-4.11306492136499
stpA	sfsA	0.28752750000001237
stpA	sfsB	0.3611119065281885
stpA	smf_2	0.23186796735904114
stpA	smg	0.3594927818990912
stpA	sufB	-0.445251090504462
stpA	thrS	0.716560734421376
stpA	tktB	-0.6427441988130838
stpA	trxC	0.6312329154302623
stpA	ubiA	0.5429969213650068
stpA	ulaG	0.3677080537833668
stpA	uspA	0.9375911943620241
stpA	waaC	-0.6133075370920076
stpA	waaF	-0.4510365133530967
stpA	xdhA	0.9161107789317593
stpA	xdhB	0.881668123145396
stpA	xylE	-0.5551010089020965
stpA	yahF	-1.0570864169139604
stpA	ybeD	-0.7453557344213539
stpA	ycfP	0.4570335385756725
stpA	yciT	0.5554944658753671
stpA	ycjX	-0.7178217952522028
stpA	ydeI	-0.7541030341246155
stpA	ydiH	-0.43178471810085517
stpA	ydjA	0.8121495623145449
stpA	yecD	-0.5141673813056622
stpA	yeeX	-0.24259824925816265
stpA	yehY	-0.29117261869434663
stpA	yeiB	-0.07757410979228596
stpA	yeiG	0.6148058531157172
stpA	yeiQ	0.7005278783382951
stpA	yejF	0.4939525222551935
stpA	yejO	0.18398619436201957
stpA	yfaZ	-0.5181589614243323
stpA	yfbR	0.651364591988099
stpA	yfeC	0.4789949777448226
stpA	yfeD	0.6117726557863508
stpA	ygeR	0.2956763204747954
stpA	ygeV	0.6401357566765804
stpA	ygeW	1.252405645400617
stpA	ygeX	1.1723874851632092
stpA	ygfK	1.1314664020771756
stpA	ygfT	1.738937448071193
stpA	yhaC	-2.4306132418397786
stpA	yhhY	-0.5617850741839934
stpA	yhiM	-2.1212839317507304
stpA	yhjR	0.6963498367952581
stpA	yibD	-0.7179077959940512
stpA	yieP	0.5282469362017732
stpA	yjfK	0.18442396513356574
stpA	yjjU	-0.7608578041542788
stpA	yjjV	-0.632676661721046
stpA	ymfK	0.4050025667655699
stpA	ynaE	1.2552846216617475
stpA	yniA	0.4118787462908591
stpA	yobA	0.2525845474777113
stpA	ypdF	-0.45108861721069116
stpA	ypfG	-0.4211444881305553
stpA	ypfJ	0.34211545252228115
stpA	yqeB	0.7407482121661988
stpA	yqeC	0.58163729228488
stpA	yqfA	0.5546065133531588
stpA	yqhA	0.5830339094955264
stpA	ytfB	0.4421390430267236
stpA	znuC	0.6622150816023837
